index,question,answer,Usage
test_0001,অমলক রতন কোহলি কোন ক্ষেত্রে বিশিষ্ট হিসেবে সম্মানিত?,শিক্ষাবিদ এবং মানব সম্পদ প্রশিক্ষক।,Private
test_0002,ম্যাক্স ব্যারনের বন্ধুরা তাকে কেন প্রায়ই ঠাট্টা-বিদ্রুপ করে?,তার প্রাথমিক চরিত্র।,Private
test_0003,ব্রিটিশ আমলে ব্যাঙ্কশাল কোর্ট কী নামে পরিচিত ছিল?,স্মল মোজেস কোর্ট।,Private
test_0004,কে জুতা বানানোর আধুনিক যন্ত্র তৈরি করেন?,লেম্যান আর. ব্লেক।,Public
test_0005,সার্ভাইভার সিরিজের ম্যাচে কখনও কখনও কী ধরনের অতিরিক্ত শর্ত আরোপ করা হয়?,পরাজিত দলের সদস্যদের ডাব্লিউডাব্লিউই হতে বরখাস্ত করা হবে।,Private
test_0006,আফরোজা পারভীন কবে বাংলা একাডেমি পুরস্কার অর্জন করেন?,২০২৩।,Private
test_0007,জরায়ুর সাথে সম্পর্কিত মুখ্য লিগামেন্টের কাজ কী?,জরায়ুর সহায়ক।,Public
test_0008,উসমানীয় প্রাসাদ বা বাড়িতে কোন দুটি অংশ পুরুষ ও মহিলাদের জন্য আলাদা ছিল?,সেলামলিক ও সেরাগ্লিও।,Private
test_0009,কার সেনাবাহিনী লোক ইতিহাস অনুসারে বেলুচিস্তানের মরুভূমিতে হারিয়ে যায়?,আসিরিয়ার রাণী সেমিরামিস এবং পারস্যের রাজা সিরুস।,Public
test_0010,আব্রাহাম টমাস কোন দেশের অতিক্ষুদ্র শল্যচিকিৎসা বিশেষজ্ঞ?,ভারত।,Public
test_0011,ওসিয়ত কীভাবে তৈরি করা হয়?,উত্তর নির্দিষ্ট নয়।,Public
test_0012,নাইট কোর্ট রিভাইভাল সিরিজের প্রথম সিজন কবে প্রিমিয়ার হয়েছিল?,"১৭ জানুয়ারী, ২০২৩।",Public
test_0013,রুমি নাকামুরা কোন সালে গডার্ড স্পেস ফ্লাইট সেন্টারে যোগদান করেন?,১৯৯১।,Public
test_0014,নবীনগর পশ্চিম ইউনিয়নের অন্তর্গত মহিলা মাদ্রসাটি কোন লিঙ্গের জন্য উদ্দিষ্ট?,মহিলা।,Public
test_0015,অমিতাভ মুখোপাধ্যায়ের গবেষণা কোন রোগের জন্য নতুন ওষুধের লক্ষ্যগুলো অন্বেষণে সহায়তা করেছে?,টাইফয়েড জ্বর এবং কালা জ্বর।,Public
test_0016,আন্দামান ও নিকোবর ফুটবল দলের ২০২২/২৩ মৌসুমের তালিকায় কোন ধরনের তথ্য অন্তর্ভুক্ত থাকবে?,খেলোয়াড়দের তালিকা।,Private
test_0017,চন্দ্র শেখর দে কোন বিশ্ববিদ্যালয় থেকে এমএফএ পাশ করেন?,চট্টগ্রাম বিশ্ববিদ্যালয়।,Public
test_0018,আইয়ারপাগাই নায়নারের নামের অর্থ কী?,প্রকৃতির বিপরীত।,Public
test_0019,অ্যাপালেশিয়া অঞ্চলের ভৌগোলিক বৈশিষ্ট্য কী?,পার্বত্য।,Public
test_0020,লোকম্যান কোম্পানিটি কোন দেশে এবং কোন বছরে প্রতিষ্ঠিত হয়েছিল?,"ইতালি, ১৯৮৬।",Public
test_0021,প্রতিমা ভৌমিক কোন লোকসভার সদস্য হিসেবে নির্বাচিত হন?,সপ্তদশ লোকসভা।,Public
test_0022,পি. মাধবনের পরিচালিত প্রথম চলচ্চিত্রের নাম কী?,"""মণি ওসাই""।",Public
test_0023,ফরাসি দ্বিতীয় প্রজাতন্ত্রের নেতৃস্থানীয় দলগুলি কীভাবে বিভক্ত ছিল?,উপজাতীয় প্রবণতায়।,Private
test_0024,বুয়াকে স্টেডিয়ামটি কোন বছরের আফ্রিকা কাপ অব নেশনস-এর জন্য একটি আয়োজন স্টেডিয়াম ছিল?,২০২৩।,Private
test_0025,"ড্যানি ডেভিটো কোন পুরস্কার জিতেছিলেন টেলিভিশন সিরিজ ""ট্যাক্সি""-তে অভিনয়ের জন্য?",একটি গোল্ডেন গ্লোব পুরস্কার এবং একটি এমি পুরস্কার।,Public
test_0026,ইরাকি কুর্দিস্তানে বহুবিবাহ নিষেধাজ্ঞাকে কোন দল আধা-বিজয় হিসেবে দেখেছে?,নারীবাদী দল।,Public
test_0027,সৌরভ গঙ্গোপাধ্যায় একদিনের আন্তর্জাতিক (ওডিআই) ম্যাচে কতগুলি শতরান করেছেন?,২২।,Public
test_0028,সোলেরো আইসক্রিম মার্কাটি কোন সালে প্রথম চালু হয়?,১৯৯৪।,Private
test_0029,ঘড়ি কোথায় সাধারণত দেখা যায়?,দেয়াল।,Private
test_0030,মোজাম্বিকে বহুগামী ইউনিয়নে বিবাহিত মহিলাদের প্রায় কত শতাংশ রয়েছে?,২০%।,Private
test_0031,গাজনের সন্ন্যাসীদের কীভাবে অভিহিত করা হয়?,ভক্ত বা ভক্তিয়া।,Public
test_0032,চিকিৎসা শিক্ষার ক্ষেত্রে নিয়ম ও মান মেনে চলার ফলাফল কী?,রোগীদের নিরাপত্তা ও সুস্থতা নিশ্চিত করা।,Public
test_0033,সৈয়দ মাসুদল হোসেন কতবার সংসদ সদস্য হিসেবে পুনঃনির্বাচিত হন?,৫।,Public
test_0034,কে. এম. জাহিদ সারওয়ার এবং বিচারপতি মুস্তাফা জামান ইসলাম কোন মামলায় নিম্ন আদালতের বিচারকদের আচরণের সমালোচনা করেন?,পরীমনির মামলা।,Public
test_0035,শৈলকুপা শাহী মসজিদটি কোন নদীর তীরে অবস্থিত?,কুমার নদ।,Public
test_0036,নফল ইবাদতগুলি মুসলমানদের জীবনে কীভাবে সহায়তা করে?,আধ্যাত্মিক উন্নতির জন্য।,Public
test_0037,মিস ইউনিভার্স ২০১৩ প্রতিযোগিতা কোথায় অনুষ্ঠিত হয়েছিল?,ক্রাসনোগর্স্ক।,Public
test_0038,রংপুর সিটি কর্পোরেশনের আওতাধীন ১৬নং ওয়ার্ডটি কোন দেশে অবস্থিত?,বাংলাদেশ।,Private
test_0039,হিঙ্গুলী কলেজে কোন ধরনের শিক্ষা ব্যবস্থা রয়েছে?,সহ-শিক্ষা।,Public
test_0040,বিলাতী ধনিয়া কোন পরিবারের অন্তর্গত?,Apiaceae।,Public
test_0041,যতীন্দ্রচন্দ্র ভট্টাচার্য কার সহযোগী ছিলেন?,সুভাষচন্দ্র।,Public
test_0042,কেন উইলিয়ামসন টি২০আই ফর্ম্যাটে এখনো সেঞ্চুরি করেননি?,তার সর্বোচ্চ স্কোর অপরাজিত ৭৩ রান।,Public
test_0043,ইউবিসফটের সর্ববৃহৎ স্টুডিওটি কোথায় অবস্থিত?,মন্ট্রিয়ল।,Public
test_0044,২০২৪ সুপার কাপ (ভারত) টুর্নামেন্টে বিদেশী খেলোয়াড়দের মধ্যে একজনকে অবশ্যই কোন কোটা থেকে অন্তর্ভুক্ত করতে হবে?,এএফসি কোটা।,Public
test_0045,মধুচন্দ্রিমা সম্পর্কে বাইবেলের কোন অংশে উল্লেখ করা হয়েছে?,একটি পঙ্‌ক্তি।,Public
test_0046,"পূর্ণম এলাহাবাদি কোন ধরনের শিল্পী ছিলেন, যিনি কাওয়ালি ভর দো ঝোলি মেরি ইয়া মুহাম্মাদ গানের জন্য পরিচিত ছিলেন?",উর্দু কবি এবং গীতিকার।,Public
test_0047,আবুধাবি নাইট রাইডার্স দলটি কবে ইন্টারন্যাশনাল লিগ টি২০-তে খেলার জন্য ঘোষণা করা হয়েছিল?,২০২২ সালে।,Public
test_0048,সামথকে কত মাসের কারাদন্ড দেওয়া হয় চার্চ পোড়ানোর জন্য?,১৬ মাস।,Public
test_0049,এম. এ. রসুলের রাজনৈতিক জীবনে কোন দুটি গুরুত্বপূর্ণ পদ অন্তর্ভুক্ত ছিল?,বিধায়ক ও মন্ত্রী।,Public
test_0050,রায়ান চলচ্চিত্রটি কোন সালে মুক্তি পায়?,২০২৪।,Private
test_0051,মার্টিন এবারহার্ড কবে ইউনিভার্সিটি অফ ইলিনয় ইঞ্জিনিয়ারিং হল অফ ফেমে অন্তর্ভুক্ত হন?,২০১৫ সালে।,Public
test_0052,"সিজিএস বগুড়া জাহাজটি কবে বাংলাদেশ কোস্টগার্ডের ""সিজিএস বগুড়া"" হিসাবে কমিশন লাভ করে?",১৯৯৫।,Public
test_0053,জাকি ইসমাইলের জাতীয়তা কী?,ইংরেজ।,Public
test_0054,বেনরাট রেখাটি কোন সরণের একেবারে উত্তর প্রান্তসীমার কাছাকাছি একটি রেখাকে নির্দেশ করছে?,উচ্চ জার্মান ব্যঞ্জনধ্বনি সরণ।,Public
test_0055,"বায়তুল হুদা মসজিদ, ইউসিংগেন পুনর্নির্মাণের পরে এর প্রবেশদ্বারে কী রোপণ করা হয়েছিল?",একটি গাছ।,Public
test_0056,ক্রোমিয়াম(III) ব্রোমাইড এবং হাইড্রোজেন গ্যাসের মধ্যে বিক্রিয়ায় কী তৈরি হয়?,ক্রোমিয়াম(II।,Public
test_0057,সরকারি নূরুননাহার মহিলা কলেজে কোন ধরনের সহশিক্ষা কার্যক্রম পরিচালিত হয়?,"সাংস্কৃতিক সপ্তাহ, বক্তৃতা, বিতর্ক ও রচনা প্রতিযোগিতা, শিক্ষা সফর, বার্ষিক ক্রীড়া অনুষ্ঠান, জাতীয় দিবস উদযাপন, নবীনবরণ, অভিভাবক দিবস, বিশেষ দোয়া ও মোনাজাত।",Public
test_0058,অনামিকা (দ্বিতীয়) কাব্যগ্রন্থটি কবে প্রথম প্রকাশিত হয়েছিল?,১৯২২।,Public
test_0059,কেরেনকে কবে গ্রেফতার করা হয়েছিল?,ফেব্রুয়ারী ২০০৮।,Private
test_0060,নাদিয়া টোনচেভা কোন দুটি উপাধি পেয়েছেন?,ফিদে মাস্টার এবং ফিদে নারী ইন্টারন্যাশনাল মাস্টার।,Public
test_0061,"সহবাস শব্দটি কী বোঝায়, বিশেষ করে হিন্দুদর্শনের পরিপ্রেক্ষিতে?",একসাথে বসবাস করা বা ঘনিষ্ঠ সাহচর্য।,Public
test_0062,এস. পাত্তাবিরামান কোন বিধানসভা কেন্দ্রের প্রতিনিধিত্ব করেছেন?,তিরুভাল্লুর।,Public
test_0063,বিপিএমএ কবথেকে তার কার্যক্রম সম্প্রসারণ শুরু করে?,২০০৪।,Public
test_0064,কোসতাস মারতাকিসকে পূর্বতন সোভিয়েত দেশগুলিতে একটি ইংরেজি অ্যালবাম প্রকাশের জন্য কোন সংস্থা বুক করে নেয়?,সোনি বিএমজি রাশিয়া।,Public
test_0065,টিল্ডা কী ভূমিকা পালন করে?,যান্ত্রিক টাইপরাইটার।,Private
test_0066,সিজিয়াম সালফাইড তৈরি করার জন্য কোন দুটি পদার্থের প্রয়োজন হয়?,অ্যামোনিয়া বা ন্যাপথলিন।,Public
test_0067,ফিশার তথ্যের গুরুত্বের ওপর কোন পরিসংখ্যানবিদ জোড় দিয়েছিলেন?,রোনাল্ড ফিশার।,Public
test_0068,মেজর জেনারেল হাবিব উল্লাহ বাংলাদেশ সেনাবাহিনীতে যোগদানের আগে কোথায় প্রশিক্ষণ গ্রহণ করেন?,বাংলাদেশ মিলিটারি একাডেমি।,Public
test_0069,"রামশা খান কোন নাটকে অভিনয় করার জন্য ""লাক্স স্টাইল অ্যাওয়ার্ড ফর বেস্ট টিভি অ্যাক্ট্রেস"" জিতেছিলেন?",হাম তুম।,Private
test_0070,"অমন গুপ্তা ""শার্ক ট্যাঙ্ক ইন্ডিয়া"" অনুষ্ঠানে কী ভূমিকা পালন করেন?",বিচারক ও বিনিয়োগকারী।,Public
test_0071,ফরিদ খান হত্যার পর নিরাপত্তা বাহিনী কী করে?,যৌথ অভিযান পরিচালনা করে।,Public
test_0072,গুরু নানক দেব কতগুলি স্তবক একত্রে রচনা করেছিলেন কোনো একটি ঘটনা উপলক্ষে?,৯টি।,Private
test_0073,তুষার কান্তি লয়া কোন রাজ্যের ২০০১ সালের বিধানসভা নির্বাচনে মেদিনীপুরের সাবোং আসনে প্রতিদ্বন্দ্বিতা করেছিলেন?,পশ্চিমবঙ্গ।,Public
test_0074,সালবেগের জন্ম কোন সময়ে নির্ধারণ করা হয়েছে?,১৬০৭-১৬০৮ খ্রিস্টাব্দ।,Public
test_0075,হতাশা এবং তাড়াহুড়োর মধ্যে কোন সম্পর্ক রয়েছে?,মানসিক অবস্থা।,Public
test_0076,কখন কলকাতার দুটি রাষ্ট্র-চালিত বিশ্ববিদ্যালয় ক্যাম্পাসে সভা করার জন্য ঐশী ঘোষকে অনুমতি দিতে অস্বীকার করা হয়েছিল?,২০২০ সালের ফেব্রুয়ারি।,Public
test_0077,জনকপুরের কোন বিশ্ববিদ্যালয় উচ্চশিক্ষার জন্য বিদ্যার্থীদের সুযোগ প্রদান করে?,রাজর্ষি জনক বিশ্ববিদ্যালয়।,Private
test_0078,শৈব সিদ্ধান্ত মন্দিরটি কোন সালে সৎগুরু শিবা সুব্রামুনিয়াস্বামী দ্বারা প্রতিষ্ঠিত হয়েছিল?,১৯৪৯।,Public
test_0079,পাত্রিয়া আমাদা কোন জাতীয় সঙ্গীতকে প্রতিস্থাপন করেছে?,"ভিভা, ভিভা এ ফ্রেলিমো।",Public
test_0080,ভগবদ্গীতায় অক্রিয় শব্দটি কীভাবে ব্যবহৃত হয়?,সমস্ত আকাঙ্ক্ষা পরিত্যাগকারী ব্যক্তি।,Public
test_0081,আধ্যাত্মবাদী ধারণা অনুসারে আত্মিক জগত কীভাবে বিবেচিত হয়?,সহজাতভাবে ভাল এবং সত্যের সাথে সম্পর্কিত।,Public
test_0082,জর্জ কেনেথ ম্যালরি কবে জন্মগ্রহণ করেন?,"১৪ ফেব্রুয়ারি, ১৯০০।",Public
test_0083,তামিলনাড়ু ফুটবল দল ১৯৭২ সালের পূর্বে কী নামে প্রতিযোগিতা করত?,মাদ্রাজ ফুটবল দল।,Public
test_0084,বেসিসের বিষয়গুলি পরিচালনা ও নীতি নির্দেশিকা নির্ধারণের জন্য কোন পর্ষদের সার্বিক দায়িত্ব রয়েছে?,পরিচালনা পর্ষদ।,Private
test_0085,ফকার কোন দেশে প্রত্যাবর্তন করে?,নেদারল্যান্ডস।,Private
test_0086,গুজরাট শব্দটির দ্ব্যর্থতা নিরসনের জন্য কী প্রয়োজন?,বিভিন্ন ধরনের স্থান।,Public
test_0087,খ্রিস্টানরা যিশুকে কীভাবে বিবেচনা করে?,মশীহ এবং ঈশ্বরপুত্র।,Public
test_0088,সাহিত্য অকাদেমি পুরস্কার বিজয়ীদের তালিকা কোন দুটি ভাষার সাথে সম্পর্কিত?,বাংলা এবং কোঙ্কণি।,Public
test_0089,সম্ভারণ রাজার শাসনামলে তাঁর প্রজাদের উপর কোন বিপর্যয় নেমে আসে?,"দুর্ভিক্ষ, খরা ও রোগব্যাধির পাশাপাশি সব ধরনের প্লেগ।",Public
test_0090,বিএমডব্লিউ প্রতিষ্ঠানটি কখন প্রতিষ্ঠিত হয়েছিল?,১৯১৬।,Private
test_0091,ইউনিভার্সাল স্টুডিওস সিঙ্গাপুরের সাথে কোন শহরের নাম উল্লেখ করা হয়েছে?,নিউ ইয়র্ক সিটি।,Public
test_0092,মেরোজাইগোট গঠনের ক্ষেত্রে জেনেটিক উপাদান স্থানান্তরের ভূমিকা কী?,গুরুত্বপূর্ণ।,Public
test_0093,কোন বছরের গ্রীষ্মকালীন অলিম্পিকে সাঁতার – মহিলাদের ২০০ মিটার ব্যাকস্ট্রোক ইভেন্টে রেকর্ড গড়া হয়?,২০০৮।,Private
test_0094,রাজা রানা বাহাদুর শাহ কত সাল থেকে কত সাল পর্যন্ত বারাণসীতে নির্বাসিত হন?,১৮০০ থেকে ১৮০৪।,Public
test_0095,কুলপি রেলওয়ে স্টেশন কোন রেল লাইনে অবস্থিত?,শিয়ালদহ–নামখানা লাইন।,Private
test_0096,পঙ্কজ কুমার মল্লিককে ভারতীয় চলচ্চিত্রে অবদানের জন্য কোন পুরস্কার দিয়ে সম্মানিত করা হয়েছিল?,দাদাসাহেব ফালকে পুরস্কার।,Private
test_0097,গ্র্যান্ড ফ্লিট কোন যুদ্ধের সাথে সম্পর্কিত?,স্প্যানিশ আর্মাডা।,Public
test_0098,ফরিদ আহমদ মালিক কোন বছরে সংযুক্ত আরব আমিরাতের বিরুদ্ধে তার একদিনের আন্তর্জাতিক (ওডিআই) অভিষেক করেন?,২০১৪।,Private
test_0099,অ্যাঞ্জেলা গসসোও কখন আর্চ এনিমি ব্যান্ডে যোগদান করেন?,২০০০ সালে।,Public
test_0100,বেলগাছিয়া পূর্ব বিধানসভা কেন্দ্র থেকে কতবার সিপিআই(এম)-এর লক্ষ্মীচরণ সেন নির্বাচিত হন?,৩।,Public
test_0101,এসিএম আইসিপিসি ২০১৮ এর ঢাকা রিজিওনাল কনটেস্ট কোন বছরে অনুষ্ঠিত হয়?,২০১৮।,Private
test_0102,ডেভিড সারনফ কোন ট্রান্সমিটার ব্যবহার করেছিলেন নিউইয়র্ক ওয়ানামেকার স্টেশন থেকে সঙ্গীত সম্প্রচার প্রদর্শনের জন্য?,এইচ.জে. রাউন্ডের হাইড্রোজেন আর্ক ট্রান্সমিটার।,Private
test_0103,বার্নস হ্রদের লেকসাইডে নেলসন বার্নসের কী ছিল?,একটি কসাইখানা।,Private
test_0104,আফ্রিকা মহাদেশের অর্থনৈতিক পরিস্থিতি কীভাবে বিশ্বের অন্যান্য মহাদেশের তুলনায় বিবেচিত হয়?,বিশ্বের দরিদ্রতম মহাদেশ।,Public
test_0105,প্রজাপতি মাছের পুচ্ছদেশে কোন ধরনের চিহ্ন দেখা যায়?,চোখের মতো দেখতে ফোঁটা দাগ।,Public
test_0106,অন্ত্যেষ্টিক্রিয়া পরিচালক মৃতদেহের সাথে কীভাবে আচরণ করে?,"মৃতদেহকে বিভিন্ন রকমের পোশাকে সজ্জিত করা, মৃতদেহ যে স্থানে বা কফিনে রাখা হয় তার সজ্জা সুন্দর করা।",Public
test_0107,নর্ড ভিপিএন রাউটারের জন্য L2TP/IPSec এবং PPTP সংযোগ প্রোটোকলগুলি কেন সরিয়ে দেওয়া হয়েছিল?,পুরোনো ও অনিরাপদ।,Public
test_0108,হিমানি বন্দ্যোপাধ্যায়ের গবেষণাপত্রটি কবে সম্পন্ন হয়েছিল?,১৯৮৮।,Private
test_0109,ডাঃ আহমেদ শহীদ কোন দুটি মেয়াদে পররাষ্ট্রমন্ত্রী ছিলেন?,মামুনের মেয়াদ এবং নাশিদের মন্ত্রিসভায়।,Public
test_0110,ওমান পুরুষ জাতীয় ফিল্ড হকি দল কোন ধরনের খেলায় অংশগ্রহণ করে?,আন্তর্জাতিক ফিল্ড হকি।,Private
test_0111,কম্পটক্স কেমিক্যাল ড্যাশবোর্ড ব্যবহারকারীদের কী ধরনের তথ্য সংগ্রহ করতে দেয়?,বিভিন্ন ধরনের পরিবেশগত তথ্য।,Public
test_0112,সোনারগাঁও উপজেলার অর্থনৈতিক গুরুত্ব কোন সময় থেকে শুরু হয়?,প্রাচীন কাল।,Private
test_0113,নভেম্বর ২০৪০ সালের চন্দ্রগ্রহণের সাথে কোন বছর সম্পর্কিত?,২০৪০।,Private
test_0114,ডাঃ সিমস কোন কারণে আলাবামা ছেড়ে যেতে বাধ্য হন?,স্বাস্থ্যের কারণে।,Public
test_0115,কাবুলে পাওয়া ভারতীয় মুদ্রাগুলি কোন ধরনের?,পঞ্চ-চিহ্নিত।,Public
test_0116,স্থান-নাম তত্ত্ব কোন বৃহত্তর জ্ঞানের শাখার অন্তর্ভুক্ত?,নামতত্ত্ব।,Private
test_0117,ইউনিলিভার মেন্টাডেন্ট মার্কাটি কোন সালে চার্চ অ্যান্ড ডোয়াইট কোম্পানির কাছে বিক্রি করেছিল?,২০০৩।,Public
test_0118,চার্টার্ড সেক্রেটারিয়াল কোর্সের প্রতিটি পেপারে কত নম্বর থাকে?,100।,Private
test_0119,ডি. রাজা রেড্ডি কোন বইটির সহ-রচনা করেন?,"""এন্ডেমিক স্কেলেটাল ফ্লুরোসিস""।",Public
test_0120,কোণ ত্রিখণ্ডনের সমস্যা সমাধানের জন্য কী প্রয়োজন পড়ে?,ঘন মূল নেয়া।,Public
test_0121,প্রকাশ শব্দটির ব্যাখ্যায় কী জড়িত?,বিভিন্ন পদ।,Public
test_0122,কবে এবং কোন অভিযোগের জন্য ঋতব্রত বন্দ্যোপাধ্যায়কে সিপিএম পার্টির সদস্যপদ থেকে বরখাস্ত করা হয়েছিল?,"২ জুন ২০১৭, নৈতিক স্খলন এবং পার্টির গোপনীয়তা ফাঁস করার অভিযোগ।",Public
test_0123,মৌরিতানিয়ার জাতীয় সঙ্গীতের সুর কে দিয়েছেন?,তোলিয়া নিকিপ্রউইজকি।,Private
test_0124,শাকম্ভরী দেবী কার দেবী ছিলেন?,চৌহান রাজপুত।,Public
test_0125,২৪তম মেরিল-প্রথম আলো পুরস্কার অনুষ্ঠানটি কবে অনুষ্ঠিত হয়?,৮ই সেপ্টেম্বর ২০২৩।,Public
test_0126,মোহাম্মদ শিহাব কত তারিখ পর্যন্ত স্পিকার হিসাবে দায়িত্ব পালন করেন?,২৮ মে ২০০৯।,Public
test_0127,সাকাচেপ ভাষাটি কোন ভাষার সাথে ঘনিষ্ঠভাবে জড়িত?,মার ভাষা।,Public
test_0128,কায়রান কাজীকে তার অকাল শিক্ষাগত কৃতিত্বের জন্য কীভাবে চিহ্নিত করা হয়?,"""আশ্চর্য শিশু""।",Private
test_0129,সম্ভাব্যতা তত্ত্বের কেন্দ্রীয় বিষয়গুলির মধ্যে কী রয়েছে?,"বিচ্ছিন্ন এবং অবিচ্ছিন্ন র্যান্ডম ভেরিয়েবল, সম্ভাব্যতা বন্টন এবং স্টোকাস্টিক প্রক্রিয়াগুলি।",Private
test_0130,সলোমন আর গুগেনহাইম মিউজিয়ামের মূল গ্যালারিতে কোন বৈশিষ্ট্য রয়েছে?,একটি ছয়-তলা হেলিকাল র্্যাম্প এবং একটি কেন্দ্রীয় সিলিং স্কাইলাইট।,Public
test_0131,শার্লি টেম্পলের চলচ্চিত্রগুলো কোথায় মিলিয়ন মিলিয়ন ডলার আয় করেছে?,মার্কিন যুক্তরাষ্ট্র এবং কানাডা।,Public
test_0132,জেমস ডব্লিউ. অ্যামসের জন্ম ও মৃত্যুর মধ্যে কত বছর ব্যবধান ছিল?,৭৯ বছর।,Public
test_0133,"গ্যারি কিলহফনারের ""মানব পেশার মডেল"" অনুসারে ইচ্ছা কীভাবে মানুষের আচরণের উপর কাজ করে?","মূল্যবোধ, আগ্রহ ও ব্যক্তিগত কর্মক্ষমতা সম্পর্কে স্ব-কার্যকারিতা।",Private
test_0134,রবার্ট ডব্লিউ. হলেনহর্স্ট কীসের জন্য স্মরণীয় হয়েছিলেন?,হলেনহর্স্ট প্লাক বর্ণনা করার জন্য।,Public
test_0135,গণসঙ্গীতের মূল উদ্দেশ্য কী?,"রাজনৈতিক-সামাজিক-সাংস্কৃতিক শোষণ, নির্যাতন, অত্যাচার অনাচারের বিরুদ্ধে গণ মানুষকে উদ্দীপ্ত করা।",Public
test_0136,নয়নতারা উদ্ভিদের পরিবারের নাম কী?,Apocynaceae।,Public
test_0137,ফতেপুর ইউনিয়নের নামকরণ কীভাবে হয়েছে?,ঐতিহাসিক ঘটনা ও স্থানীয় ঐতিহ্যের উপর ভিত্তি করে।,Public
test_0138,শিমুল মুস্তাফা কবে একুশে পদক পান?,২০২৪।,Public
test_0139,সূর্যমুখীর তেলের কোলেস্টেরলের মাত্রা কেমন?,অত্যন্ত কম।,Public
test_0140,ফ্লামি কোন সিনেমায় অভিনয় করেছিল যা ১৯৪৬ সালে মুক্তি পেয়েছিল?,মাই ডগ শীপ।,Public
test_0141,অ্যালুমিনিয়াম ফ্লোরাইড ব্যবহার করার সময় কোন বিশেষ স্বচ্ছতার প্রয়োজন হয়?,দূর UV স্বচ্ছতা।,Public
test_0142,জগন্নাথ মন্দিরে মহাপ্রসাদ কাদের নিবেদন করা হয়?,ভগবান জগন্নাথ এবং বিমলা দেবী।,Public
test_0143,কাঠামোর ধরনগুলির মধ্যে কী রয়েছে যা এক-থেকে-অনেক সম্পর্কের ক্যাসকেড হিসাবে বর্ণনা করা যেতে পারে?,একটি শ্রেণিক্রম।,Public
test_0144,জর্জ গ্রেগরি বার্কলের চিকিৎসাবিদ্যার ক্ষেত্রে বিশেষত্ব কী ছিল?,হৃদ ও অন্তররোগ চিকিৎসা।,Private
test_0145,চার্লস নিকোলের লেখনীর বৈশিষ্ট্য কী?,বৈচিত্র্য।,Private
test_0146,হাফছড়ি ইউনিয়নে পুরুষ ও মহিলাদের শিক্ষার হারের মধ্যে পার্থক্য কত?,৯.৮%।,Public
test_0147,জসিম বিন হামাদ স্টেডিয়াম কোন শহরে অবস্থিত?,আল রায়ান।,Private
test_0148,ইমাম বাকির কোন অবস্থানে ছিলেন?,দ্বিতীয় ইমাম।,Public
test_0149,সান ফ্রান্সিকো ক্রনিকল বর্তমানে যুক্তরাষ্ট্রের কততম বৃহৎ দৈনিক পত্রিকা?,১২তম।,Public
test_0150,বেউলাহ মেলভিন অ্যালেন কোন বিষয়ে স্নাতক ডিগ্রি অর্জন করেন?,নৃবিজ্ঞান।,Public
test_0151,শুভমিতা বন্দ্যোপাধ্যায় কোন ক্ষেত্রে একজন বিশিষ্ট শিল্পী?,বাংলা সঙ্গীত জগত।,Public
test_0152,"নিউজিল্যান্ড ক্রিকেট দল সেপ্টেম্বর, নভেম্বর এবং ডিসেম্বর ২০২৩ সালে বাংলাদেশ সফরে কতগুলি টেস্ট ম্যাচ খেলার জন্য যাচ্ছে?",দুটি।,Private
test_0153,পোলিস্টেস গ্যালিকাস প্রজাতির শামুকখোল খেকো মৌমাছিদের মধ্যে প্রভাব বিস্তারকারী মৌমাছির প্রজনন ক্ষমতা কেমন?,বেশি।,Public
test_0154,মেরুং ইউনিয়নের আয়তন কত বর্গ কিলোমিটার?,২২৭.৯২ বর্গ কিলোমিটার।,Public
test_0155,প্রাইড অ্যান্ড প্রেজুডিস বইটির বাংলা অনুবাদক কে এবং সে কোন বই অনুবাদ করেছেন?,"তুহিন কুমার মুখোপাধ্যায়, প্রাইড অ্যান্ড প্রেজুডিস।",Public
test_0156,মহাজন সমাজতান্ত্রিক দল কোন সালের লোকসভা নির্বাচনে প্রার্থী দাড় করিয়েছিল?,২০১৪।,Public
test_0157,সরকারি বাসভবনে কি ধরনের কার্যক্রম পরিচালিত হয়?,কাজ-সম্পর্কিত ফাংশন।,Public
test_0158,বাংলাদেশ সরকারের 'রুলস অব বিজনেস-১৯৯৬' এর কোন ধারা অনুযায়ী প্রধানমন্ত্রী উপদেষ্টা নিয়োগ করতে পারেন?,৩(বি।,Public
test_0159,শ্রীপুর ইউনিয়ন কোন দেশে অবস্থিত?,বাংলাদেশ।,Public
test_0160,ডিএইচএল-এর এশিয়া-প্যাসিফিক ও উদীয়মান বাজারের সদর দপ্তর কোথায় অবস্থিত?,"সিঙ্গাপুর, মালয়েশিয়া, হংকং এবং চীন।",Private
test_0161,ভূসংস্থান শব্দ কোন শব্দের সমার্থক?,"সর্বোচ্চ সীমা, চূড়া এবং সুবিন্দু।",Public
test_0162,মিয়ানমারে বহুবিবাহ বেআইনি ঘোষণার আগে কী পরিস্থিতি ছিল?,কিছু মানুষের মধ্যে বহুবিবাহের প্রচলন।,Public
test_0163,উবুন্টু ১০.১০ সংস্করণের লক্ষ্য কী ছিল?,১০ সেকেন্ডের কম সময়ে বুট করা।,Public
test_0164,ভারতীয় উচ্চাঙ্গ সঙ্গীতে সারেঙ্গি ব্যবহারে জনপ্রিয় করার ক্ষেত্রে কার বিশেষ অবদান রয়েছে?,রাম নারায়ণ।,Private
test_0165,জন কোল্ট্র্যান কোন ঘরানার একজন প্রথম সারির শিল্পী ছিলেন?,ফ্রি জ্যাজ।,Public
test_0166,ট্রান্সলেশন অব মাইটোকন্ড্রিয়াল জিন্স কেন প্রয়োজন?,মাইটোকন্ড্রিয়াল জিনগুলির জন্য বিকল্প ট্রান্সলেশন টেবিল ব্যবহার করার জন্য।,Public
test_0167,অথর্ববেদে মাতরিশ্বন শব্দের অর্থ কী?,"বাতাস, বায়ু, হাওয়া।",Private
test_0168,হাওয়ার্ড ব্রাশ ডিন ৩য় এর জন্ম কবে হয়?,"১৭ই নভেম্বর, ১৯৪৮।",Private
test_0169,ইন্দেপেন্দেন্সা তোতাল গানটি কবে গৃহীত হয়?,১৯৭৫।,Public
test_0170,এইচএমডি গ্লোবাল নকিয়া ৫-এ অ্যান্ড্রয়েডের কোন সংস্করণ সরবরাহ করছে?,ব্লোটওয়্যার-মুক্ত সংস্করণ।,Public
test_0171,কুলি চলচ্চিত্রের চূড়ান্ত কাটে কী বার্তা প্রদর্শিত হয়?,অমিতাভ বচ্চন আহত হয়েছেন।,Public
test_0172,শিও ভগবান টিবরেওয়ালের পিতা কোন বিশ্ববিদ্যালয় থেকে চিকিত্সাশাস্ত্রে স্নাতক হন?,রাঁচি বিশ্ববিদ্যালয়।,Public
test_0173,সমর মুখোপাধ্যায়কে কত মাস বন্দী থাকার পর মুক্ত করা হয়?,৬ মাস।,Public
test_0174,ইব্রাহিম মোহাম্মদ সোলিহ কবে রাষ্ট্রপতির দায়িত্ব গ্রহণ করেন?,১৭ নভেম্বর ২০১৮।,Private
test_0175,সামোরি তুরের স্মৃতিসমাধি কোত দিভোয়ারের ইতিহাসে কীভাবে গুরুত্বপূর্ণ?,ফরাসি ঔপনিবেশিক শাসনের বিরুদ্ধে বিদ্রোহের কেন্দ্রীয় ব্যক্তিত্ব।,Private
test_0176,ফখরুল বাশার মাসুম কবে ঢাকা থিয়েটারে যুক্ত হন?,১৯৭৪।,Public
test_0177,ললিতা লেনিন কবিতার জন্য কোন পুরস্কার পান ২০০১ সালে?,মুলুর পুরস্কার।,Private
test_0178,কাজাখস্তানে বহুবিবাহকে বৈধতা দেওয়ার জন্য সবচেয়ে সাম্প্রতিক প্রচেষ্টা কবে হয়েছিল?,২০০৮ সালের মাঝামাঝি।,Public
test_0179,রাস কুন কোন দেশের রাষ্ট্রপতি?,নাউরু।,Private
test_0180,আরেসিবো মানমন্দিরটি কোন দেশের অধীনস্থ দ্বীপে অবস্থিত?,মার্কিন যুক্তরাষ্ট্র।,Public
test_0181,বর্ণালী ব্যান্ড অধ্যয়নের উদ্দেশ্য কী?,স্পেকট্রোস্কোপি জ্যোতির্বিদ্যা এবং অন্যান্য উদ্দেশ্যে।,Private
test_0182,মোহাম্মদ সোলায়মান সেলিমের জন্ম কোন তারিখে হয়?,৩১ মার্চ ১৯৮৯।,Private
test_0183,রজনীগন্ধা ফুলের বংশবৃদ্ধি কিভাবে করা হয়?,কন্দ লাগিয়ে।,Public
test_0184,হিরো জাতীয় বিচ সকার চ্যাম্পিয়নশিপ কত প্রকারের টুর্নামেন্ট?,বার্ষিক বিচ সকার টুর্নামেন্ট।,Public
test_0185,ই. নেভিল ইসডেল বর্তমানে কোন সংস্থার প্রেসিডেন্ট?,ডব্লিউডব্লিউএফ।,Public
test_0186,মোঃ জসিম উদ্দিন কোন কোম্পানির চেয়ারম্যান হিসেবে দায়িত্ব পালন করছেন?,বেঙ্গল ব্যাংক।,Public
test_0187,ফুল স্টপের অনুরূপ যতিচিহ্নটিকে মধ্যবিন্দু থেকে আলাদা করার জন্য কী বলা হয়?,বেসলাইন ডট।,Public
test_0188,উর্বশী গাছের পাপড়ির দৈর্ঘ্য কত হতে পারে?,৭.৫ সেন্টিমিটার।,Public
test_0189,হাতুড়ি কীভাবে ব্যবহার করা যেতে পারে?,যুদ্ধ উপকরণ হিসাবে।,Private
test_0190,মুক্তিযুদ্ধের সময় মং রাজার রাজবাড়িতে কারা বিশ্রাম নিত?,বাংলাদেশী শরনার্থী।,Public
test_0191,মাত্তেও দারমিয়ানের আন্তর্জাতিক ফুটবল জীবনের বৈশিষ্ট্য কী?,আন্তর্জাতিক পর্যায়ে অংশগ্রহণ।,Public
test_0192,"""ডারউইনিয়ান হ্যাপিনেস"" গ্রন্থটিতে কীভাবে মানুষের জীবনের গুণমান ও প্রজনন ক্ষমতা বৃদ্ধিতে সহায়তা করে তার বিশদ বর্ণনা রয়েছে?",বিবর্তনীয় দৃষ্টিভঙ্গি।,Public
test_0193,আব্দুর রহমান আওজাঈ কোন দুটি রাজনৈতিক যুগে বসবাস করেন?,উমাইয়া রাজবংশের সমাপ্তি ও আব্বাসী রাজবংশের প্রতিষ্ঠা।,Private
test_0194,ভার্নন ইনগ্রামের মৃত্যুর কারণ কী?,পড়ে গিয়ে আঘাত।,Public
test_0195,টাইটানিক জাহাজটির নির্মাণ কাজ কত টাকায় সম্পন্ন হয়েছিল?,৭.৫ মিলিয়ন ডলার।,Public
test_0196,রাবণের কাছে লঙ্কা রাজ্য হারানোর পর কুবের কোথায় নতুন রাজধানী খুঁজে পান?,কৈলাসের নিকটে।,Public
test_0197,বাংলা লিপিতে ব্যবহৃত স্বরবর্ণ হিসেবে অ্যা কীভাবে ব্যবহৃত হয়?,বিভিন্ন শব্দে।,Public
test_0198,"""প্রোনোমিনালাইজেশন ইন বেঙ্গলি"" বইটি কোন সালে আগামী প্রকাশনী কর্তৃক প্রকাশিত হয়?",২০১০।,Private
test_0199,বেন গুডগার কোন বিশ্ববিদ্যালয় থেকে কম্পিউটার ইঞ্জিনিয়ারিংয়ে স্নাতক ডিগ্রি অর্জন করেন?,অকল্যান্ড বিশ্ববিদ্যালয়।,Public
test_0200,রমনীলাল কিরচাঁদ গান্ধীর পিতা কে ছিলেন?,মহাত্মা গান্ধী।,Private
test_0201,ইসাক রোমেরো কোন তারিখে জন্মগ্রহণ করেছেন?,১৬ই এপ্রিল।,Public
test_0202,রাষ্ট্রবাদী শিবসেনার নামের অর্থ কী?,ন্যাশনালিস্ট শিব আর্মি।,Public
test_0203,সুদেশ লহরী কোন ধরনের ছবিতে অভিনয় করেছেন?,পাঞ্জাবি ও হিন্দি।,Public
test_0204,মথুরা ধর্ষণ মামলার পর সোনাল শুক্লা কোন নিউজলেটারের মাধ্যমে ব্যাপক প্রতিবাদ ছড়িয়ে পড়ে?,ফেমিনিস্ট নেটওয়ার্ক।,Public
test_0205,সংসদ শব্দটি কোন ভাষাগোষ্ঠীর ভাষায় ব্যবহৃত হয়?,ইন্দো-আর্য।,Public
test_0206,কমল কৃষ্ণ দাস ভারতের সংসদের কোন কক্ষে নির্বাচিত হন?,লোকসভা।,Public
test_0207,গ্রীষ্মকালে দশাশ্বমেধ ঘাটে আরতি কখন শুরু হয়?,৭ টা।,Private
test_0208,রোলা কোলা কবে সিবিএল ড্রিংকস দ্বারা যুক্তরাজ্যে পুনরায় চালু হয়?,২০১৩ সালে।,Public
test_0209,বাংলাদেশ সেনাবাহিনীতে বর্তমানে কতজন লেফটেন্যান্ট জেনারেল রয়েছে?,৫ জন।,Public
test_0210,জাম্পেই আইডা কোন কোন আন্তর্জাতিক টুর্নামেন্টে ম্যাচ পরিচালনা করেছেন?,ইএএফএফ চ্যাম্পিয়নশিপ এবং এএফসি কাপ।,Public
test_0211,কিশোরগঞ্জ শব্দটির অর্থ কী?,বিভিন্ন।,Public
test_0212,ট্যুরিস্ট পুলিশের কোন নম্বর বিভাগ খুলনা—বরিশাল বিভাগে অবস্থিত?,৩।,Private
test_0213,মালদ্বীপের উপকূল রক্ষীবাহিনী কোন সংস্থার অংশ?,এমএনডিএফ।,Public
test_0214,ডেভিড বেকার কবে আমেরিকান একাডেমি অফ আর্টস অ্যান্ড সায়েন্সের ফেলো নির্বাচিত হন?,২০০৯।,Private
test_0215,পূর্ব এশীয় জুডো চ্যাম্পিয়নশিপ কোন বছর ব্যতীত প্রতি বছর অনুষ্ঠিত হয়?,পূর্ব এশীয় গেমস অনুষ্ঠিত হয়েছে এমন বছর।,Private
test_0216,কেনে প্রতিযোগিতার সাথে সম্পর্কিত কুস্তির ধরন কী?,নাগা।,Public
test_0217,জতুগৃহে কে কে বেঁচে থাকতে সক্ষম হয়েছিল?,পঞ্চপান্ডব।,Private
test_0218,ব্র্যাড পিট কোন চলচ্চিত্রের মাধ্যমে বড় বাজেটের চলচ্চিত্রে অভিনয় শুরু করেন?,আ রিভার রান্‌স থ্রু ইট এবং ইন্টারভিউ উইথ দ্য ভ্যাম্পায়ার।,Public
test_0219,বেলগাছা ইউনিয়নের নামকরণের কারণ কী?,বেলগাছের প্রাচুর্য।,Public
test_0220,লরেন্স এইচ. হোয়াইট কোন ধারণার চেতনায় বিনামূল্যে ব্যাঙ্কিংয়ের পক্ষে যুক্তি দিয়েছিলেন?,"হায়েকের ""অর্থের বর্জনীয়করণ""।",Private
test_0221,"কখন পরিচালক অ্যাশবির সংস্করণের ছবি ""লুকিন’ টু গেট আউট"" মুক্তি পায়?","৩০ জুন, ২০০৯।",Public
test_0222,জয়বাণ কামানটি কত কিলোগ্রাম গানপাউডারের চার্জ সহ নিক্ষেপ করা হয়েছিল?,১০০ কিলোগ্রাম।,Public
test_0223,জুলিয়া আর. হলের চিকিৎসাশাস্ত্রে কর্মজীবনের সময়কাল কীভাবে পরিমাপ করা হয়?,বছর।,Public
test_0224,অমিয় কুমার কিস্কু কোন রাজ্যের ঝাড়গ্রাম আসন থেকে লোকসভায় নির্বাচিত হয়েছিলেন?,পশ্চিমবঙ্গ।,Public
test_0225,হাংরি প্রজন্মের কবিতায় কবিতাকে কীভাবে মৌলিক হতে দেয়া হয়?,সমস্ত সাহায্য প্রত্যাখ্যান।,Public
test_0226,ডেনিজকান টেমিজকান কোন বয়সের গ্রুপে ইউরোপীয় স্কুল দাবা চ্যাম্পিয়নশিপ জিতেছিলেন ২০১৩ সালে?,অনুর্ধ-১৩।,Private
test_0227,কোকুরা কিটা ওয়ার্ডের সানাৎসু বাস ডিপোর পাশে কোন শপিং সেন্টারটি গড়ে তোলা হয়েছে?,ছা ছা শহর।,Public
test_0228,কোচ ভাষা কোন ভাষা পরিবারের অন্তর্গত?,তিব্বতী-বর্মী ভাষা।,Public
test_0229,টরন্টো ফুটবল ক্লাব ঘরোয়া ফুটবলে কতগুলি শিরোপা জয়লাভ করেছে?,১০টি।,Public
test_0230,"""জিএসআরএস"" বোর্ডে কোন সংস্থাগুলির বিশেষজ্ঞরা রয়েছেন?","এফডিএ, ইউরোপীয় নিয়ন্ত্রক সংস্থা এবং ইউএসপি।",Public
test_0231,এলটন জন কখন সঙ্গীত ভুবনে পদার্পণ করেন?,জিসিই এডভান্সড লেভেল বা এ লেভেল পরীক্ষার পূর্ব মুহুর্তে।,Public
test_0232,আবদুর রব কোথা থেকে আইনে ডিগ্রি সম্পন্ন করেন?,ঢাকা বিশ্ববিদ্যালয়।,Public
test_0233,৪৭তম জাতীয় চলচ্চিত্র পুরস্কার কোন সালে প্রদান করা হয়?,২০২৩।,Public
test_0234,কালিয়াকৈর নামকরণের সঠিক ইতিহাস কীভাবে জানা যায়?,জানা যায় না।,Public
test_0235,মোহাম্মদ জাহাঙ্গীর আলম কবে ভূমিকম্প প্রকৌশলের উপর পোস্ট গ্র্যাজুয়েট ফেলোশিপ লাভ করেন?,১৯৯৭।,Public
test_0236,১৯৮৯ সালে সিকিম বিধানসভা নির্বাচনে আরআইএস কতগুলি আসন জিতেছে?,০।,Public
test_0237,আপ কি আদালত অনুষ্ঠানে কোন বছর শিবসেনার প্রতিষ্ঠাতা বাল ঠাকরে অতিথি হিসেবে এসেছিলেন?,১৯৯৫।,Private
test_0238,মেইন সিগারেট কোন সংস্থা দ্বারা উত্পাদিত হয়?,হাউস অফ প্রিন্স।,Private
test_0239,ক্লাব সিগারেট কোন দেশের মার্কার সিগারেট?,জার্মান।,Public
test_0240,সীমা শেখরে কোন দেশের নাগরিক?,ভারত।,Private
test_0241,১৯৪৫ সালের মিকাওয়া ভূমিকম্পের মতো একই স্থানে কবে একই ধরনের বড় ভূমিকম্প হয়েছে?,১৬৮৫ এবং ১৬৮৬ সালে।,Public
test_0242,মোল্লা মুহাম্মদ গাউস কোথায় বিরোধী বাহিনী কর্তৃক অপহৃত হন?,মাজার-ই-শরিফ।,Public
test_0243,এলাট্টুওয়ালাপিল শ্রীধরন তাঁর প্রাথমিক শিক্ষা কোথায় অর্জন করেন?,চাতান্নুরে গভর্নমেন্ট লোয়ার প্রাইমারি স্কুল।,Public
test_0244,কখন থেকে আধালাথ পার্টি প্রধান বিরোধী মালদ্বীপ ডেমোক্রেটিক পার্টির সাথে একত্রে সরকারের দুর্নীতির অবসান এবং বিচারিক সংস্কারের আহ্বান জানিয়ে একটি সমাবেশের আয়োজন করে?,২০১৫ সালের মে।,Private
test_0245,টুঙ্গীপাড়া এক্সপ্রেস উদ্বোধন করেন কে?,প্রধানমন্ত্রী শেখ হাসিনা।,Public
test_0246,মহুয়ার বীজ থেকে কী পাওয়া যায়?,তেল।,Public
test_0247,সাত ঋদ্ধ ব্যক্তি উপাধিটি প্রাচীন গ্রিসে বসবাসকারী সাতজন ব্যক্তিত্বের কোন বৈশিষ্ট্যের জন্য দেওয়া হয়েছিল?,"দার্শনিক, রাষ্ট্রনায়ক এবং আইন প্রণেতা।",Public
test_0248,মার্কিন যুক্তরাষ্ট্রের ঐতিহাসিক অঞ্চলগুলি কীভাবে শ্রেণীবদ্ধ করা যায়?,"আন্তঃরাজ্য, আঞ্চলিক, এবং ফেডারেল।",Private
test_0249,স্ক্রিন অ্যাক্টরস গিল্ড পুরস্কার কে প্রদান করে?,আমেরিকার স্ক্রিন অ্যাক্টরস গিল্ড।,Public
test_0250,স্যাক্সনি রাজ্যের ডায়েটের সদস্যরা কার নির্দেশনা গ্রহণ করতে পারতেন না?,তাদের ভোটারদের।,Public
test_0251,গান্ধী'স অ্যাসাসিন বইটি কোন দুটি পত্রিকার লেখক পর্যালোচনা করেছেন?,দ্য টেলিগ্রাফ ইন্ডিয়া এবং ডেকান ক্রনিকল।,Private
test_0252,মুক্তিযুদ্ধের সময় পাকিস্তানি হানাদার বাহিনী মহকুমা প্রশাসক সৈয়দ রেজাউল হায়াতকে কী করে?,গ্রেফতার করে ও কারাগারে নিক্ষেপ করে।,Private
test_0253,হাজী সাহেব কোথায় তার বন্ধু মাওলাবীর মৃত্যুর খবর পান?,মারদান।,Public
test_0254,দরদ চলচ্চিত্রটি কোন দেশগুলির যৌথ প্রযোজনায় নির্মিত হয়েছে?,ভারত-বাংলাদেশ।,Public
test_0255,রেবেল মুন চলচ্চিত্রটি কবে নেটফ্লিক্সে মুক্তি পাবে?,"২২ ডিসেম্বর, ২০২৩।",Public
test_0256,জীবন মরণ চলচ্চিত্রটি কোন ভাষায় প্রথম তৈরি করা হয়েছিল?,বাংলা।,Public
test_0257,শক শব্দটি কী বোঝাতে পারে?,বিভিন্ন অর্থ।,Public
test_0258,প্রাণ-জৈব রসায়ন এবং জৈব রসায়নের মধ্যে পার্থক্য কী?,জৈবিক দিকগুলোতে জোর প্রদান।,Private
test_0259,রাজা রাজাদারিতের মৃত্যুর পর কবে হানথাওয়াদ্দি প্রভাবের অবসান ঘটে?,১৪২১ সাল।,Private
test_0260,এমআই কেপ টাউন দলটির হোম-গ্রাউন্ড কোনটি?,নিউল্যান্ডস ক্রিকেট গ্রাউন্ড।,Public
test_0261,নেবি আকাশ মসজিদটি কোথায় অবস্থিত?,সমাধির পাশে।,Public
test_0262,হার্বি হ্যানকক কোন তারিখে জন্মগ্রহণ করেন?,"১২ই এপ্রিল, ১৯৪০।",Public
test_0263,সিক্সট কোম্পানিটি কোন বছরে জার্মানির মিউনিখে প্রতিষ্ঠিত হয়?,১৯১২।,Public
test_0264,রংপুর সিটি কর্পোরেশনের আওতাধীন ১২নং ওয়ার্ডটি কোন দেশে অবস্থিত?,বাংলাদেশ।,Public
test_0265,অনির্বাণ ঘোষ কোন সালে ইউনিটি বায়োটেকনোলজির সিইও নিযুক্ত হন?,২০২০।,Public
test_0266,সূর্য কন্যা চলচ্চিত্রে প্রধান দুটি চরিত্রে অভিনয় করেছেন কারা?,বুলবুল আহমেদ ও জয়শ্রী কবির।,Public
test_0267,ইউনাইটেড নেশন্স করেসপন্ডেন্টস অ্যাসোসিয়েশনের বর্তমান সদস্য সংখ্যা কত?,১৮০ জন।,Public
test_0268,হফম্যান সরকার উত্তর বাভারিয়ার কোন শহরে পালিয়ে যায়?,বামবার্গ।,Public
test_0269,কারা জাফনা আশ্রম পরিদর্শন করেছিল এবং ভবনটির নির্মাণ কাজ শেষ করেছিল?,মার্কিন যুক্তরাষ্ট্রের ছাত্ররা।,Public
test_0270,পুংস্তনবৃন্ত কী?,একটি লিঙ্গ নির্ধারক অঙ্গ।,Public
test_0271,আলিওনা দুবিনিনা কোন বছরের অ্যাক্রোবেটিক জিমন্যাস্টিকস ওয়ার্ল্ড চ্যাম্পিয়নশিপে প্রতিদ্বন্দ্বিতা করেছিলেন?,২০১৪।,Public
test_0272,এসসি ভিলা ক্লাবটি কোন দেশের কাম্পালায় অবস্থিত?,উগান্ডা।,Private
test_0273,রবিদাসী সম্প্রদায়ের উপাসনালয়কে কখনও কখনও কী হিসেবে অনুবাদ করা হয়?,মন্দির।,Public
test_0274,কারেজ আন্ডার ফায়ার ছবিটির রেটিং কত শতাংশ রটেন টম্যাটোস-এ?,৮২%।,Public
test_0275,গেকোনিডি পরিবারের কোন প্রজাতির সরীসৃপ রয়েছে?,জেঠী ও তক্ষক।,Public
test_0276,মুফতি শফিউর রহমান কবে অবসর গ্রহণ করেন?,১৯৭২ সালে।,Private
test_0277,জিয়াউর রহমান কবে বাংলাদেশের রাষ্ট্রপতি হন?,২১ এপ্রিল ১৯৭৭।,Public
test_0278,ফেদেরিকো গাত্তোনি কোন দেশের পেশাদার ফুটবল লিগের শীর্ষ স্তরে খেলেন?,স্পেন।,Public
test_0279,যে সকল NOC-এর দুই বা ততোধিক সাঁতারু A মানের তারা কতজন সাঁতারুকে পাঠাতে পারে?,যে কোনো দুজন A মানের প্রতিযোগী।,Public
test_0280,ডেভিড এ. কোব এবং রন ফ্রাই এখন কোন স্কুলে রয়েছেন?,উভয়েই ওয়েদারহেড স্কুল অফ ম্যানেজমেন্টে।,Public
test_0281,নরওয়েতে দুগ্ধ শিল্পের পরিকাঠামো কবে তৈরি করা হয়েছিল?,দ্বিতীয় বিশ্বযুদ্ধের পরে।,Public
test_0282,কবে ওড়িশার মুখ্যমন্ত্রী কটক ও ভুবনেশ্বরের মধ্যে মেট্রো রেল সংযোগের দাবি করেছিলেন?,জানুয়ারি ২০১৮।,Public
test_0283,থিওডোর মানান কোন রাজনৈতিক দলের সদস্য হিসেবে প্রথমবার লোকসভায় নির্বাচিত হন?,গোর্খা লীগ।,Private
test_0284,কোপার্স কোন প্রধান ব্যবসাগুলি পরিচালনা করে?,"পারফরমেন্স কেমিক্যালস, রেলপথ পণ্য ও পরিষেবা, ইউটিলিটি ও শিল্প পণ্য, এবং কার্বন উপাদান ও রাসায়নিক।",Public
test_0285,ইউক্রেনীয় বাহিনী কোন শহরের দিকে আক্রমণ শুরু করে?,খেরসন।,Public
test_0286,স্টার ওয়ার্স ফ্র্যাঞ্চাইজের কোন গ্রহগুলি মরুগ্রহের উদাহরণ?,"ট্যাটুইন, জিওনোসিস ও জাক্কু।",Private
test_0287,দীর্ঘমেয়াদী ম্যাগনেসিয়াম পারক্সাইড এক্সপোজারের ফলে কোন ধরনের স্বাস্থ্য সমস্যা হতে পারে?,"ফুসফুসের ক্ষতি, শ্বাসকষ্ট এবং বুক শক্ত হয়ে যেতে পারে।",Public
test_0288,মালদ্বীপের পররাষ্ট্র মন্ত্রণালয় কবে প্রতিষ্ঠিত হয়েছিল?,২২ ডিসেম্বর ১৯৩২।,Public
test_0289,এমএস সিগারেট কোন দেশে সবচেয়ে জনপ্রিয় মার্কায় পরিণত হয়?,ইতালি।,Public
test_0290,অ্যান্টনি ডাফ শাস্তির উদ্দেশ্য কী হিসাবে বর্ণনা করেছেন?,নৈতিক আলোচনার প্রচেষ্টা।,Private
test_0291,ফ্রঁসোয়াজ বারে-সিনুসি‌ কোন ভাইরাস আবিস্কারের জন্য নোবেল পুরস্কার পান?,এইচআইভি ভাইরাস।,Private
test_0292,আদমজী হাজী দাউদ কোন সম্প্রদায়ের অনেককে পাকিস্তানে চলে যেতে রাজি করান?,মেমন এবং অন্যান্য গুজরাটি মুসলিম সম্প্রদায়।,Private
test_0293,ন্যাশনাল প্রোডাকটিভিটি অর্গানাইজেশন কোন কোন সেক্টরে উৎপাদনশীলতা উন্নয়ন নিয়ে কাজ করে?,"কৃষি, শিল্প ও সেবা সেক্টর।",Private
test_0294,ওয়েইবোতে কমপক্ষে ৫ মিলিয়ন অনুসারী সহ চীনা ক্রীড়া ক্লাবগুলির মধ্যে শানতুং থাইশান ফুটবল ক্লাবের সাথে অন্য কোন ক্লাবগুলি রয়েছে?,"বেইজিং গুয়ান, গুয়াংজু এভারগ্রান্ডে।",Private
test_0295,ধর্ম জাগরণ সমিতি কাদের বিরোধিতা করে?,খ্রিস্টান মিশনারিদের।,Public
test_0296,পদুয়া ইউনিয়নে বসবাসরত উপজাতিরা কীভাবে কথা বলে?,তাদের নিজস্ব ভাষায়।,Public
test_0297,নুরালী আলিপের জন্ম কবে হয়?,২২ ডিসেম্বর ১৯৯৯।,Private
test_0298,জন নক্স কার আশীর্বাদ নিয়ে ফ্রাঙ্কফুর্টের ইংরেজি নির্বাসনের একটি মণ্ডলী থেকে তাদের মন্ত্রীদের একজন হওয়ার আমন্ত্রণ গ্রহণ করেছিলেন?,ক্যালভিন।,Private
test_0299,প্রাণ রঞ্জন সেনগুপ্ত কোন বিশ্ববিদ্যালয় থেকে ডিএসসি সম্পন্ন করেন?,কল্যাণী বিশ্ববিদ্যালয়।,Private
test_0300,জয়নাল আবেদীনের জন্ম কবে হয়েছিল?,১ জানুয়ারি ১৯৫৪।,Private
test_0301,প্রবল তুষারঝড়ের সময় বাতাসের গতিবেগ কত হয়?,৭২ কিলোমিটার / ঘণ্টা।,Private
test_0302,বাঁকুড়া দামোদর রেলওয়ে কোন ধরনের রেল লাইন ছিল?,ন্যারো গেজ।,Public
test_0303,মুক্তিযুদ্ধে অবদান রাখার ক্ষেত্রে আবদুল্লাহিল বাকীর ভূমিকা কী ছিল?,সংগঠক।,Private
test_0304,সিঁদুরের রঙ কী এবং এর কী প্রতীক?,"লাল, শক্তি ও ভালোবাসার প্রতীক।",Public
test_0305,জরায়ুর দেহ গহ্বর কোথায় অবস্থিত?,জরায়ু দেহের পশ্চাৎপূর্ব স্থানে।,Private
test_0306,পেন্সিল প্যান্ট সাধারণত কোন ধরনের উপাদান দিয়ে তৈরি করা হয়?,প্রসারণযোগ্য উপাদান।,Public
test_0307,নোকিয়া ৩ এর জন্য এইচএমডি গ্লোবাল কবে অ্যান্ড্রয়েড ওরিও আপডেট প্রকাশ করেছে?,"২০ ডিসেম্বর, ২০১৮।",Public
test_0308,বি. এন. বাচে গৌড়া কোন রাজনৈতিক দলের সাথে যুক্ত?,ভারতীয় জনতা পার্টি।,Public
test_0309,অপ্পর কোন শতাব্দীতে বাস করতেন?,৭ ম শতাব্দী।,Public
test_0310,শামীম হাসান সরকারের ইউটিউব চ্যানেলের সাবস্ক্রাইবার সংখ্যা কত?,এক মিলিয়নেরও বেশি।,Private
test_0311,হার্ডকোর পাঙ্ক ব্যান্ডগুলো তাদের অ্যালবাম প্রকাশ ও বিতরণের জন্য কীভাবে কাজ করে?,নিজস্ব রেকর্ড লেবেল।,Public
test_0312,"কোন সময়ে ""রাশ আওয়ার"" বা ""পিক পিরিয়ড"" সবচেয়ে বেশি প্রযোজ্য?",সকালবেলা এবং বিকেল।,Public
test_0313,নরকাসুরের কর্মকাণ্ডের সময় শ্রীকৃষ্ণ কোথায় রাজ্য প্রতিষ্ঠা করেন?,গুজরাট অঞ্চল।,Public
test_0314,ফ্রাঙ্ক ই. পেরেত্তির কোন উপন্যাসে আধ্যাত্মিক যুদ্ধের জনপ্রিয় কাল্পনিক চিত্রাঙ্কন পাওয়া যায়?,"""দিস প্রেজেন্ট ডার্কনেস"" এবং ""পিয়ার্সিং দ্য ডার্কনেস""।",Private
test_0315,বেলুড় মঠের মন্দিরের ভিত্তিপ্রস্তর কবে স্থাপিত হয়?,"১৬ মার্চ, ১৯৩৫।",Private
test_0316,তরুন ঘোষ কোন চলচ্চিত্রে শিল্প নির্দেশনা দেয়ার জন্য শ্রেষ্ঠ শিল্প নির্দেশক বিভাগে জাতীয় চলচ্চিত্র পুরস্কার লাভ করেন?,কিত্তনখোলা।,Private
test_0317,নৈশক্লাবগুলোতে কোন ধরনের সংগীত বাজানো হয়?,নির্দিষ্ট ধাচের সংগীত।,Public
test_0318,পতঞ্জলির যোগসূত্রে ভঙ্গির গুরুত্ব কী?,যোগের লক্ষ্যগুলি তৈরি করে না।,Public
test_0319,দেশ সেবক পার্টি কোন বছরে নিখিল ভারত ফরওয়ার্ড ব্লকের সাথে একীভূত হয়?,১৯৪৯।,Public
test_0320,উত্তর হলিউড হাই স্কুলে কতজন শিক্ষার্থী নথিভুক্ত আছে?,"প্রায় ২,৫০০।",Public
test_0321,কোন পুরাণে জেউক্সিপ্পে নামের উল্লেখ পাওয়া যায়?,গ্রিক পুরাণ।,Public
test_0322,আদিম বা আদি তাঁতে বস্ত্র বয়নের জন্য মাকুটিকে কীভাবে পেরন করা হয়?,হাতের সাহায্যে ছুঁড়ে।,Public
test_0323,আগে অণুজীববিজ্ঞানকে বিবর্তনীয় জীববিজ্ঞানের ভেতরে কেন অন্তর্ভুক্ত করা হত না?,প্রজাতি ধারণার অভাব এবং প্রাণীদের শারীরিক বৈশিষ্ট্য সম্পর্কে তথ্যের স্বল্পতা।,Private
test_0324,শ্যামগ্রাম ইউনিয়নের প্রশাসনিক কার্যক্রম কোন থানার আওতাধীন?,নবীনগর।,Public
test_0325,ন্যাশনাল পোর্ট্রেট গ্যালারির আঞ্চলিক দূরবর্তী শাখা কোথায় অবস্থিত?,ইয়র্কশায়ারের বেনিংব্রো হল এবং সমারসেটের মন্টাকিউট হাউস।,Public
test_0326,গুসকরা বিমানঘাঁটি কোন জেলায় অবস্থিত?,পূর্ব বর্ধমান।,Public
test_0327,ভগবন্ত রায় কোন দেশের রাজনীতিবিদ ছিলেন?,ভারত।,Public
test_0328,"মালাউইর জাতীয় সঙ্গীতের নাম কী, যা মাইকেল ফ্রেদরিক পাউল সাউক রচনা করেছেন?",মুলুঙ্গু দালিটসা মালাউই।,Public
test_0329,যুক্তরাজ্যের কোন দেশগুলো একত্রে গ্রেট ব্রিটেন নামে পরিচিত?,"ইংল্যান্ড, স্কটল্যান্ড ও ওয়েলস।",Public
test_0330,ইমরান খান মোহমান্দ কোন অঞ্চলের নবনির্বাচিত এমপিএ ফরিদ খানকে লক্ষ্যবস্তু হিসেবে হত্যার পর বিধানসভার দ্বিতীয় সদস্য ছিলেন?,খাইবার পাখতুনখোয়া।,Public
test_0331,এআইডব্লিউসি কবে লেডি আরউইন কলেজ অফ ডোমেস্টিক সায়েন্স খোলার জন্য অর্থ সংগ্রহ করতে শুরু করে?,১৯২৮।,Private
test_0332,লোক জনশক্তি পার্টির অন্য নাম কী?,রামবিলাস।,Public
test_0333,জিনোদপুর ইউনিয়নের মোট আয়তন কত?,১২.৫৫ বর্গ কিলোমিটার।,Private
test_0334,বরুণ চন্দ কোন চলচ্চিত্রে অভিনয়ের জন্য বেশি পরিচিত?,সীমাবদ্ধ।,Private
test_0335,মূল মন্ত্রের প্রথম দুটি শব্দের বিভিন্ন অনুবাদ কী?,"""একজন ঈশ্বর আছেন"", ""একটিই বাস্তবতা"", ""এই সত্ত্বা একক""।",Private
test_0336,ওড়িশা ফুটবল ক্লাব মহিলা কোন লিগে প্রতিযোগিতা করে?,ভারতীয় মহিলা লিগ।,Public
test_0337,অটল বিহারী বাজপেয়ীর প্রস্তাবে এআইএডিএমকে জোট থেকে প্রত্যাহার করার কারণ কী ছিল?,জোটের স্বার্থ রক্ষা।,Private
test_0338,মালদ্বীপে কত বছরের বেশি বয়সী আসামীদের জন্য মৃত্যুদণ্ড একটি আইনি শাস্তি?,সাত বছরের বেশি।,Private
test_0339,প্রোক্নের ভাইবোনদের নাম কী?,"দ্বিতীয় এরেখথেউস, বৌতেস, ফিলোমেলা ও দ্বিতীয় কেক্রপ্স।",Public
test_0340,ডেনি ভ্রান্দেচিচ কবে থেকে কবে পর্যন্ত উইকিমিডিয়া ফাউন্ডেশনের ট্রাস্টি বোর্ডে কাজ করেছেন?,২০১৫ থেকে ২০১৬।,Private
test_0341,রংপুর সিটি কর্পোরেশনের কোন ওয়ার্ডটি পরশুরাম থানার আওতাধীন?,৩নং ওয়ার্ড।,Public
test_0342,সরদার আমজাদ আলী কবে থেকে কবে রাজ্যসভার সদস্য ছিলেন?,১৯৭২ থেকে ১৯৭৮।,Public
test_0343,ভারতে সর্বাধিক বিশিষ্ট চলচ্চিত্র পুরস্কার কোনটি?,জাতীয় চলচ্চিত্র পুরস্কার।,Public
test_0344,স্থানীয় খাদ্য ব্যবস্থায় কৃষকদের জন্য কী ধরনের সুবিধা থাকতে পারে?,উন্নত মানের জীবন।,Private
test_0345,খালিদ বিন ওয়ালিদ এবং আমর ইবনুল আস কার কাছে এসে ইসলাম গ্রহণ করেন?,মুহাম্মাদ।,Public
test_0346,ইউরোপিয়ান্স ক্রিকেট দল কোন দেশে অবস্থিত ছিল?,শ্রীলঙ্কা।,Private
test_0347,তপন বাগচীর সাহিত্যিক অবদানের মধ্যে কী অন্যতম?,গল্প সংকলন।,Public
test_0348,লাদন কোন সম্পদের প্রহরী ছিল?,হেস্পেরিদেসের সোনার আপেল।,Private
test_0349,পলিদেক্তেস কোন দ্বীপের রাজা ছিল?,সেরিফস।,Public
test_0350,হের্টা মুলারের পিতা কী পেশায় নিয়োজিত ছিলেন?,দোকানদার।,Private
test_0351,উজবেকিস্তান জাতীয় মহিলা ফুটবল দল কোন মহাদেশে অবস্থিত?,এশিয়া।,Public
test_0352,আলিশার করিমভ ২০১৮ সালের দাবা অলিম্পিয়াডে প্রথম রিজার্ভে কত স্কোর করেছিলেন?,৬/৯।,Public
test_0353,ক্রসিং ওভার বিন্দুগুলি কীভাবে কায়াজমা হিসাবে দৃশ্যমান হয়?,হোমোলোগাস ক্রোমোজোমগুলি একে অপরের থেকে কিছুটা দূরে সরে যাওয়ার পরে।,Private
test_0354,পূর্বএশীয় বৌদ্ধধর্মের ইতিহাসে ধারণী কোন ভূমিকা পালন করেছে?,সন্ন্যাসীদের প্রশিক্ষণের অপরিহার্য অংশ।,Public
test_0355,উত্তম ইউনিয়নের বর্তমান অবস্থা কী?,সাবেক ইউনিয়ন।,Private
test_0356,সায়লা কুমার মুখোপাধ্যায় কোন রাজনৈতিক দলের সাথে যুক্ত ছিলেন?,ভারতীয় জাতীয় কংগ্রেস।,Public
test_0357,মিতাক্ষরা পাঠ্যটি কোন অঞ্চলে কর্তৃত্বে পরিণত হয়েছে?,ভারতবর্ষের বেশিরভাগ অংশ।,Public
test_0358,পিথেকপস ফুলজেনস প্রজাতির প্রজাপতি ভারতের বন্যপ্রাণ সংরক্ষণ আইন অনুসারে কোন তফসিলে অন্তর্ভুক্ত?,তফসিল ২।,Public
test_0359,জাতির পিতার পরিবার-সদস্যগণের নিরাপত্তা আইন কবে বাতিলের সিদ্ধান্ত গ্রহণ করা হয়?,"২৯ আগস্ট, ২০২৪।",Public
test_0360,আকাশতরীতে কীভাবে ঝুলন্ত কামরা বা প্রকোষ্ঠ থাকে?,বহিরাবরণীটির নিচে দড়ি বা রজ্জুর মাধ্যমে ঝুলে থাকে।,Public
test_0361,নকশি কাঁথার অন্য নাম কী?,লহরী কাঁথা।,Public
test_0362,"তথ্য ও যোগাযোগ প্রযুক্তি আইন, ২০০৬ এর একটি মামলায় আলোকচিত্রী শহিদুল আলমের জামিন শুনানি কবে পিছিয়ে দেওয়া হয়?",৪ সেপ্টেম্বর।,Public
test_0363,সিজেডএন বুরাকের ডাকনামটি কোথা থেকে এসেছে?,লালেলিতে তার বাবার টেক্সটাইল দোকানের নাম সিনজানোউয়ের ঘন ঘন ভুল উচ্চারণ।,Public
test_0364,দ্বিতীয় ঈশ্বর গুপ্ত সেতুর নির্মাণ কাজ শুরু করার জন্য অনুষ্ঠান কোন বছরে অনুষ্ঠিত হয়েছিল যা খ্রিস্টাব্দের সাথে সম্পর্কিত?,২০১৮ খ্রিস্টাব্দ।,Public
test_0365,"ভারত সরকার কাকে বহিষ্কার করেন পরবর্তীকালে, এর প্রতিবাদস্বরূপ?",একজন শীর্ষস্থানীয় কানাডীয় কূটনীতিক।,Public
test_0366,বুলেটপ্রুফ স্তরগুলিতে ব্যবহৃত কাচের প্রতিসরণের সূচক কীভাবে হওয়া উচিত?,প্রায় একই।,Public
test_0367,কর্ণাটক ক্রান্তি রাঙ্গা কোন দলের সাথে একীভূত হয়?,জনতা পার্টি।,Private
test_0368,দ্রৌপদী দেবী আগরওয়ালা বর্তমানে কোন পদে দায়িত্ব পালন করছেন?,ঠাকুরগাঁও জেলা মহিলা লীগের সভাপতি।,Public
test_0369,কোন সাল থেকে রয়্যাল রাম্বল ম্যাচের বিজয়ীকে রেসলম্যানিয়ায় একটি ওয়ার্ল্ড চ্যাম্পিয়নশিপ ম্যাচে প্রতিদ্বন্দ্বিতা করার সুযোগ প্রদান করা হয়?,১৯৯৩।,Public
test_0370,রয়্যাল রাম্বল কালানুক্রমিকের অধীনে কততম অনুষ্ঠান ছিল ২০০৭ সালের রয়্যাল রাম্বল?,বিংশ।,Public
test_0371,ফিফা মহিলাদের বিশ্ব র‌্যাঙ্কিংয়ে মার্কিন যুক্তরাষ্ট্র জাতীয় মহিলা ফুটবল দল কখনো কোন অবস্থানে পৌঁছায়নি?,বিশ্বের তৃতীয় থেকে নিচের স্থান।,Private
test_0372,নিয়ামুল মুক্তা কোন ধরনের শিল্পী?,চলচ্চিত্র নির্মাতা।,Private
test_0373,অভিষেক সিংভী কোন প্রতিষ্ঠানে নির্বাচিত হন?,রাজ্যসভা।,Public
test_0374,ইম্পেরিয়াল জার্মান নৌবাহিনীর পৃষ্ঠের জাহাজগুলো কোন যুদ্ধের পরে বেশিরভাগই বন্দরে থেকে গিয়েছিল?,জাটল্যান্ডের যুদ্ধ।,Public
test_0375,লোক মনোবিজ্ঞানে মানুষের কোন দিকটি প্রাথমিকভাবে বিবেচনা করা হয়?,ইচ্ছা।,Private
test_0376,চিত্তরঞ্জন দাস ঠাকুর কোন রাজনৈতিক দলের নেতা ছিলেন?,ভারতের কমিউনিস্ট পার্টি।,Private
test_0377,মহকুমা কোন কর্মকর্তা দ্বারা শাসিত হয়?,মহকুমা কর্মকর্তা বা সাব-ডিভিশনাল ম্যাজিস্ট্রেট।,Public
test_0378,আগরতলা সরকারি মেডিকেল কলেজ প্রতিষ্ঠার উপলক্ষে কী ধরনের অনুষ্ঠানের আয়োজন করা হয়?,নানা অনুষ্ঠান।,Private
test_0379,বৌদ্ধধর্মের প্রভাব কোন ধর্মের উপর বিস্তার লাভ করে?,খ্রিস্টধর্ম।,Public
test_0380,খাওলাহ বিনতে আল-আযওয়ারের পিতার নাম কী?,আল-আযওয়ার।,Public
test_0381,আর্থার রোজ এলড্রেডের কতজন উত্তরসূরী মার্চ ২০০৭ পর্যন্ত স্কাউট ছিলেন?,চার।,Public
test_0382,সাতছড়ি জাতীয় উদ্যানের প্রাকৃতিক সৌন্দর্য ও জীববৈচিত্র্য সংরক্ষণে কোন প্রকল্পটি কাজ করে?,নিসর্গ সহায়তা প্রকল্প।,Public
test_0383,"দ্য বয়, দ্য মোল, দ্য ফক্স অ্যান্ড দ্য হর্স চলচ্চিত্রে কোন অভিনেতারা কন্ঠ দিয়েছেন?","জুড কোয়ার্ড নিকোল, টম হল্যান্ডার, ইদ্রিস এলবা এবং গ্যাব্রিয়েল বার্ন।",Private
test_0384,যুক্তরাজ্যে বহুগামী বিবাহ সম্পাদনের ক্ষেত্রে কোন ধারাটি প্রযোজ্য হয়?,ধারা ১১।,Public
test_0385,সন্তোষ মোহন দেব কোন দুটি রাজ্য থেকে নির্বাচিত হয়েছিলেন?,আসাম এবং ত্রিপুরা।,Public
test_0386,কানাই চন্দ্র মণ্ডল কোন রাজনৈতিক দলের সাথে যুক্ত?,সর্বভারতীয় তৃণমূল কংগ্রেস।,Public
test_0387,মেজর ধ্যান চাঁদ খেলরত্ন পুরস্কার কী দিয়ে গঠিত?,"একটি পদক, একটি মানপত্র ও নির্দিষ্ট পরিমাণ আর্থিক পুরস্কার।",Private
test_0388,সৈয়দ রেফাত আহমেদ কোন বিশ্ববিদ্যালয় থেকে আইনশাস্ত্রে স্নাতক (সম্মান) ডিগ্রী অর্জন করেন?,ঢাকা বিশ্ববিদ্যালয়।,Private
test_0389,আয়োডিন ট্রাইব্রোমাইড যৌগটি কী ধরনের যৌগ?,আন্তঃহ্যালোজেন যৌগ।,Public
test_0390,রিচার্ড আর্নেস্ট কানজা কবে মার্কিন যুক্তরাষ্ট্রে আসেন?,১৮৫৪।,Public
test_0391,মুহাম্মদ আলী জিন্নাহর ১১ আগস্টের ভাষণে বিধানসভার কাজের দুটি দিক কী ছিল?,অস্থায়ী সংবিধান রচনা করা এবং দেশ পরিচালনা করা।,Public
test_0392,তাজিকিস্তানে বহুবিবাহকে বৈধ করার বিষয়ে কি ধরনের আলোচনা হয়েছে?,বিতর্ক।,Private
test_0393,এলজিভি দক্ষিণ-পূর্ব রেলপথটি কোন রেলপথ দ্বারা উত্তর দিকে প্রসারিত হয়?,এলজিভি আন্তঃসংযোগ পূর্ব।,Private
test_0394,জে ওয়েবার সিভার কোথায় মারা যান?,ক্যালিফোর্নিয়ার বার্কলে।,Public
test_0395,অসীম বিশ্বাস কোন নির্বাচন এলাকা থেকে পশ্চিমবঙ্গ বিধানসভার সদস্য হিসাবে নির্বাচিত হন?,রানাঘাট উত্তর পূর্ব।,Private
test_0396,পার্থ মুখোপাধ্যায় কোথায় ভর্তি হন যখন তিনি অসুস্থ হয়ে পড়েন?,হাসপাতাল।,Public
test_0397,নরম মলাটের সংস্করণ জারি করার সময় কী বিবেচনা করা হয়?,খরচ।,Public
test_0398,নলের দরবারে পরিদর্শনকারী মন্ত্রীরা কার খবর নিয়ে আসে?,রাজা ভীমের কন্যা দময়ন্তী।,Private
test_0399,জেন দীপিকা গ্যারেট কোন প্রতিযোগিতায় অংশ নিয়ে জাতীয় প্রতিযোগিতায় বিজয়ী প্রথম প্লাস-সাইজ প্রতিযোগী হিসাবে ইতিহাস তৈরি করেছিলেন?,মিস ইউনিভার্স নেপাল ২০২৩।,Private
test_0400,বাংলাদেশ জুট মিলস লিমিটেড কোন জেলায় অবস্থিত?,নরসিংদী।,Private
test_0401,ভিক্টোরিয়া ওকাম্পো কী হিসেবে ব্যবহৃত হচ্ছে?,একটি সাংস্কৃতিক কেন্দ্র ও জাদুঘর।,Public
test_0402,বন্ড স্ট্রিট সিগারেট এশিয়ার কোন কোন দেশে বিক্রি হয়?,"ইসরায়েল, মালয়েশিয়া, কাজাখস্তান, আর্মেনিয়া।",Public
test_0403,কোন বাংলাদেশি ব্যক্তি ২০১৯ সালে এমি পুরস্কার লাভ করেন?,রুবাইয়াত হাবীব।,Public
test_0404,শিব মনকাঞ্চর নায়নারের পরিবারকে কীভাবে আশীর্বাদ করেন?,ঐশ্বরিক দৃষ্টি দান করে এবং ঐশ্বরিক দম্পতি পরিবারকে আশীর্বাদ করে।,Public
test_0405,সাধারণ ব্রাহ্মসমাজ কোন সমস্যা সমাধানের জন্য আইন প্রণয়নের জন্য প্রচারণা চালায়?,বাল্যবিবাহ।,Private
test_0406,জ্যোতি মহাপসেকরের মা কীভাবে সমাজে অবদান রেখেছিলেন?,দরিদ্রদের জন্য বিদ্যালয় তৈরি করতে সাহায্য করেছিলেন।,Public
test_0407,রাজিবপুর থানা প্রতিষ্ঠার সময় কোন বছর ছিল?,১৯৭৭।,Public
test_0408,মুনীব আলী কোন সালে এসইসি নিয়ন্ত্রকদের তাঁর সংস্থাকে রেগ এ + ছাড়ের আওতায় একটি টোকেন অফার শুরু করার অনুমতি দেওয়ার জন্য রাজি করেছিলেন?,২০১৯।,Public
test_0409,"শ্রী বৈষ্ণব ঐতিহ্য অনুসারে, রামানুজ ও তাঁর শিষ্যরা কোন মন্দির পরিদর্শন করেছিলেন?",রঙ্গনাথ মন্দির।,Public
test_0410,যজমানি প্রথা কীভাবে সমাজে প্রভাব বিস্তার করে?,সামাজিক শ্রেণীবিভাগ।,Public
test_0411,সুনীল সিং কবে দরিদ্রদের জন্য একটি গণবিবাহ অনুষ্ঠানের আয়োজন করেছিলেন?,২৭ জানুয়ারী ২০১৯।,Private
test_0412,বহিঃধূমকেতু কী?,সৌরজগৎ-বহির্ভূত ধূমকেতু।,Public
test_0413,আচার্য বালকৃষ্ণের জন্ম কোন সালে হয়?,১৯৭২।,Public
test_0414,ভারতে প্রচারিত বিজ্ঞাপনের কারণে সৃষ্ট বিতর্কের তালিকায় কোন ধরনের বিজ্ঞাপন অন্তর্ভুক্ত?,বিতর্কিত বিজ্ঞাপন।,Public
test_0415,বেয়ার্ড টেলর হর্টনের জন্ম ও মৃত্যু কবে হয়?,১৮৯৫ - ১৯৮০।,Private
test_0416,কোথায় স্টেশন চত্বর অবস্থিত?,করঞ্জলী রেলওয়ে স্টেশন।,Public
test_0417,"""এ বীকন অ্যাক্রস এশিয়া"" গ্রন্থটি কার জীবনী আধারিত?",সুভাষ চন্দ্র বসু।,Public
test_0418,ফায়ারফক্স মোবাইল ব্রাউজারটি কোন ডিভাইসের জন্যে ব্যবহার করা হয়?,স্মার্টফোন ও ট্যাবলেট।,Public
test_0419,হেমিসেলুলোজের কয়েকটি গুরুত্বপূর্ণ উদাহরণ কী?,"জাইল্যান, গ্লুকুরোনোজাইল্যান, অ্যারাবিনোজাইল্যান, গ্লুকোমান্নান এবং জাইলোগ্লুক্যান।",Private
test_0420,বাংলাদেশ পরিকল্পনা কমিশনের বার্ষিক লক্ষ্যমাত্রার অগ্রগতি পর্যালোচনার পাশাপাশি কী অন্য একটি গুরুত্বপূর্ণ কাজ তারা করে?,বাণিজ্য সম্প্রসারণ।,Public
test_0421,আদাদ্দে সুলেমানের যুদ্ধে উইটু সুলতান ইউসুফ কার বিরুদ্ধে হেরে যান?,ওমানি জোটবদ্ধ বিমল।,Private
test_0422,তামিলনাড়ু কৃষক ও শ্রমিক দল কত বছর ধরে সর্বভারতীয় আন্না দ্রাবিড় মুনেত্র কাজগাম (এআইএডিএমকে) কে সমর্থন করেছিল?,২২ বছর।,Public
test_0423,ইস্ট কোলা কোন কোম্পানি দ্বারা তৈরি করা হয়েছে?,সার্মসুক পাবলিক কোম্পানি লিমিটেড।,Public
test_0424,লংটন স্থানীয়ভাবে কী নামে পরিচিত?,নেক এন্ড।,Public
test_0425,প্রতি মাসে রকেটের মাধ্যমে কত টাকা বেতন-ভাতা বিতরণ হয়?,৭৮৪ কোটি।,Public
test_0426,"শামস আল-দীন আল-সমরকান্দির ""রিসালা ফি আদব আল-বাহথ"" গ্রন্থে কী বিষয়ে আলোচনা করা হয়েছে?",প্রাচীন গ্রীকদের ব্যবহৃত দ্বন্দ্ববাদ যুক্তি।,Public
test_0427,জিন হোয়াইটহেড ব্রিটিশ সাম্রাজ্য এবং কমনওয়েলথ গেমসে কোন দেশের প্রতিনিধিত্ব করেছিলেন?,ইংল্যান্ড।,Public
test_0428,ইনসাইড দি অ্যাক্টরস স্টুডিও অনুষ্ঠানটি কতগুলি দেশে প্রায় কতগুলি বাসায় প্রচারিত হয়?,১২৫টি দেশে ৮ কোটি ৯০ লক্ষ বাসায়।,Public
test_0429,তাইনা এলিজাবেথ এল্‌গ কোন চলচ্চিত্রে অভিনয়ের জন্য তার সহশিল্পী কে কেন্ডলের সাথে যৌথভাবে সঙ্গীতধর্মী বা হাস্যরসাত্মক চলচ্চিত্রে শ্রেষ্ঠ অভিনেত্রী বিভাগে গোল্ডেন গ্লোব পুরস্কার অর্জন করেন?,লে গার্লস।,Public
test_0430,লোকদলের বিভক্তির কারণ কী ছিল?,চরণ সিং-এর বিচ্ছিন্নতা।,Private
test_0431,নাসিরুদ্দিন ফারাজ কবে তার অবস্থান পুনরুদ্ধার করেন?,১৪০৫ সালের নভেম্বর।,Private
test_0432,বাংলাদেশের পাট শিল্পে উৎপাদিত দ্রব্যের মধ্যে কোনটি পাট থেকে উৎপাদিত হয় যা খাদ্য হিসেবে ব্যবহৃত হয়?,খাদ্য।,Public
test_0433,জেল ইলেক্ট্রোফোরেসিসে বাফার দ্রবণের আয়নিক শক্তি কীভাবে প্রভাবিত করে?,আয়নের মিথস্ক্রিয়া।,Private
test_0434,২০২৩ ফিফা অনূর্ধ্ব-১৭ বিশ্বকাপের আয়োজক হিসেবে পেরু কবে প্রত্যাহার করে?,৩ এপ্রিল ২০২৩।,Public
test_0435,আবু নাসের খান ভাসানী কোন দলের প্রতিষ্ঠাতা ছিলেন?,আওয়ামী লীগ।,Private
test_0436,কেরল কংগ্রেস (জাতীয়তাবাদী) এবং ভারতীয় জনতা পার্টির একীকরণ অনুষ্ঠানে কে উপস্থিত ছিলেন?,কুম্মানম রাজশেখরন।,Public
test_0437,কালিয়াঙ্কট্টু নীলি কোন শতাব্দীর প্রথম দিকে পাখাকান্নুরে বসবাস করত?,নবম শতাব্দী।,Public
test_0438,বাসুপূজ্যের মূর্তিটি কে দান করেন?,শ্রীমতী সোনা দেবী শেঠি চ্যারিটেবল ট্রাস্ট।,Public
test_0439,বুলু ফিল্মের পরিচালক হিমাংশু প্রসাদ দাস কতটি ছবি পরিচালনা করেছেন?,চতুর্থ।,Public
test_0440,কারা-খোজা নামে বিকেন্দ্রীকৃত বৌদ্ধ রাজ্যগুলোর সঙ্ঘ কে প্রতিষ্ঠা করে?,উইঘুররা।,Public
test_0441,হেমচন্দ্র গোস্বামী কোন সালে পদ্মশ্রী পুরস্কারে ভূষিত হন?,২০২৩।,Public
test_0442,বাটিকামারী জমিদার বাড়ির গোড়াপত্তন সম্পর্কে কী ধারণা করা হয়?,১৬০০ শতকের দিকে।,Public
test_0443,অনিল শর্মা কোন চলচ্চিত্রগুলি নির্মাণ করেছেন যেগুলি ব্যবসাসফল?,"""গদর ২"" সহ বিভিন্ন চলচ্চিত্র।",Public
test_0444,জেই রদ্রিগেজ কোন নাটকটি করেছিলেন যখন তিনি এবি সিতে দুই দিনের অতিথি হিসেবে উপস্থিত হন?,অন লাইফ টু লাইফ।,Public
test_0445,পশ্চিমবঙ্গে বামফ্রন্ট শাসনের কালপঞ্জিতে পশ্চিমবঙ্গ সরকারি লাইব্রেরি বিল গৃহীত হওয়ার তারিখ কী?,সেপ্টেম্বর ১৩।,Public
test_0446,মাইক্রোওয়েভ ওভেনে খাদ্যকে কোন পদ্ধতিতে সমানভাবে উত্তপ্ত করা যায়?,তড়িৎ চৌম্বকীয় তরঙ্গ ব্যবহার করে।,Public
test_0447,আনন্দ প্রসাদ গুপ্তের ভাইয়ের নাম কী যিনি জালালাবাদ যুদ্ধে শহীদ হন?,দেবপ্রসাদ গুপ্ত।,Public
test_0448,প্রমিথিয়াম(III) ফ্লোরাইডের সংকেত কী?,PmF3।,Public
test_0449,শ্রী জগন্নাথ পুরী মন্দির সম্পর্কে কোন সালের দক্ষিণ আফ্রিকার সরকারি গেজেটে তথ্য পাওয়া যায়?,১৯৭৯।,Public
test_0450,জানিস পলিস কোথায় মারা যান?,রিগা।,Public
test_0451,সিলিকন সিমস কোন তাপমাত্রার নিচে কাজ করে?,৪০ কেলভিন।,Public
test_0452,নীলগঞ্জ বন্দীশিবিরে ক্যাপ্টেন মেনন কখন বন্দীদের উপর গুলীবর্ষণের আদেশ দেন?,২৫শে সেপ্টেম্বর রাত্রি দশ ঘটিকার সময়।,Public
test_0453,হাজং ভাষায় শব্দগুলো কীভাবে প্রকাশিত হয়?,একত্রিত এবং সংকুচিত।,Public
test_0454,আর. চিন্নাস্বামী কোন দলের টিকিটে ধর্মপুরী বিধানসভা কেন্দ্রের বিধায়ক হিসেবে নির্বাচিত হয়েছিলেন?,দ্রাবিড় মুনেত্র কড়গম।,Public
test_0455,গার্গ্য কার পিতা ছিলেন?,কালযাবন।,Public
test_0456,বিষুবীয় গিনিতে বহুবিবাহ কি আইনগতভাবে স্বীকৃত?,না।,Private
test_0457,আহমেদ ফারিস মাউমুনের বিচার ও গ্রেফতারের ক্ষেত্রে কোন ধরনের আইনি প্রক্রিয়া অনুসরণ করা হয়?,আইনি প্রক্রিয়া।,Public
test_0458,গবেষণা প্রতিষ্ঠানে কোন ধরনের বিজ্ঞান গবেষণা সম্পর্কিত অনেক প্রতিষ্ঠান রয়েছে?,প্রাকৃতিক বিজ্ঞান এবং সামাজিক বিজ্ঞান।,Public
test_0459,ট্রাইকোডিনা পরজীবী কোন ধরনের প্রাণীদের আক্রান্ত করে?,জলজ প্রাণী।,Public
test_0460,বেলুন মাছ কোন পরিবারভুক্ত এক প্রজাতির মাছ?,ডায়োডোনটিডি।,Public
test_0461,অভির রাজ‍্যের সাথে কোন শহরের সম্পর্ক রয়েছে?,মথুরা।,Public
test_0462,ম্যায় অটল হুঁ চলচ্চিত্রটির চিত্রগ্রহণ কবে শেষ হয়?,১৫ জুলাই ২০২৩।,Private
test_0463,"শেখ দুরি মিলনায়তনের মূল অংশটি কীভাবে নকশা করা হয়েছে, যা একটি গম্বুজ দ্বারা আবৃত?",একটি কেন্দ্রীয় হল।,Public
test_0464,ন্যায্য বাণিজ্য ব্যবস্থার সমালোচনা কোন ধরনের কার্যক্রমের মাধ্যমে উঠে এসেছে?,সমীক্ষা।,Private
test_0465,আস্তুরিয়াসের উত্তরে কোন উপসাগর অবস্থিত?,বিস্কে উপসাগর।,Public
test_0466,তামফাট ইউনিয়নের সম্পূর্ণ অংশ কোন সংস্থার আওতাধীন হওয়ায় ইউনিয়ন পরিষদ বিলুপ্ত হয়েছে?,রংপুর সিটি কর্পোরেশন।,Private
test_0467,ইন্টারনেট ব্র্যান্ডস কোন সালে ভিবুলেটিনের মূল কোম্পানি জেলসফটকে অধিগ্রহণ করেছিল?,২০০৭।,Public
test_0468,বাংলাদেশ মেরিন একাডেমি কী ধরনের শিক্ষা ও প্রশিক্ষণ প্রদান করে?,নৌবাহিনীর প্রশিক্ষণ।,Private
test_0469,আফগানিস্তান-পাকিস্তান সীমান্তে সংঘর্ষের সময় পাকিস্তানের নিরাপত্তা বাহিনী কীভাবে প্রতিক্রিয়া জানায়?,বিক্ষিপ্ত গোলাবর্ষণ।,Public
test_0470,কুতুব মিনারের মোটা-থেকে-সরু হওয়ার ছন্দের সাথে অন্য কোন স্থাপনার ছন্দের তুলনা করা হয়েছে?,দিল্লীর জামে মসজিদ বা তাজের মিনারিকা।,Public
test_0471,মালদ্বীপের অর্থ মন্ত্রণালয় কী উদ্দেশ্যে প্রতিষ্ঠিত হয়েছিল?,মালদ্বীপের আর্থিক বিষয়গুলি পরিচালনা করার জন্য।,Private
test_0472,হোসনাবাদ ইউনিয়নে সাক্ষরতার হার কত?,৫২.৬৬%।,Public
test_0473,ইউনিভার্সিটি অব ইলিনয় ইনস্টিটিউট অব এভিয়েশন কোন বিমানবন্দরে অবস্থিত ছিল?,উইলার্ড বিমানবন্দর।,Public
test_0474,কিরিচের নান্দনিক মান কীভাবে নির্ধারণ করা হয়?,"ধাপুর, পামোর এবং টেংগাহের উপর ভিত্তি করে।",Public
test_0475,মাইউমি ঈদুকা কী ধরনের অভিনেত্রী ছিলেন?,এনিমে অভিনেত্রী।,Private
test_0476,বাহামাসের প্যারাডাইজ আইল্যান্ডে কোন রিসর্টে একটি মান্তার পুনর্বাসন করা হয়েছিল?,আটলান্টিস রিসর্ট।,Public
test_0477,সন্তোষ ট্রফিতে অনুত্তীর্ণ হওয়ার ক্ষেত্রে বিহার কোন রাজ্যের সাথে সবচেয়ে পিছিয়ে?,মধ্যপ্রদেশ।,Public
test_0478,মালদ্বীপ সংস্কার আন্দোলনের এমআরএম এর কংগ্রেসে কারা ডেপুটি হিসাবে নির্বাচিত হন?,আইমিনাথ নাদিরা এবং শাজায়েল শিয়াম।,Public
test_0479,২০২৪ সালে ধর্ম সম্পর্কিত ঘটনাগুলির সময়রেখা কোন বছরের জন্য তৈরি করা হয়েছে?,২০২৪।,Private
test_0480,বর্তমানে কোন দেশে আলাদা একটি রাষ্ট্রভাষা মন্টিনেগ্রীয় ভাষা প্রচলনের প্রচেষ্টা চলছে?,মন্টিনেগ্রো।,Public
test_0481,সুলতানপুর ইউনিয়নের কোন বাজার উল্লেখযোগ্য?,তুলাগাঁওবাজার।,Private
test_0482,কোপা আমেরিকায় উরুগুয়ে এবং কলম্বিয়ার মধ্যে কতটি ম্যাচ অনুষ্ঠিত হয়েছে?,১২টি।,Private
test_0483,জোসেফিন হল কোন চলচ্চিত্রে ভেটা লুই সিমন্স চরিত্রে অভিনয় করে শ্রেষ্ঠ পার্শ্ব অভিনেত্রী বিভাগে একাডেমি পুরস্কার ও গোল্ডেন গ্লোব পুরস্কার অর্জন করেন?,হার্ভি।,Public
test_0484,থুনচাথু এজুথাচানকে কী বলা হয়?,"""আধুনিক মালয়ালম ভাষার পিতা"" ও ""মালয়ালমের প্রধান কবি""।",Public
test_0485,এন. গণপতি কোন বিধানসভা কেন্দ্রের বিধায়ক হিসেবে দায়িত্ব পালন করেছেন?,ভানুর বিধানসভা কেন্দ্র।,Public
test_0486,শফিক সাইয়েদ কেন বন্ধুদের সঙ্গে বম্বে (বর্তমানে মুম্বই) চলে আসেন?,হিন্দি সিনেমায় দেখানো বিষয়াদির সত্যতা পরখ করতে।,Public
test_0487,কোন দলের মধ্যে দ্বিতীয় বিশ্বযুদ্ধের পর প্রথম বৈঠক অনুষ্ঠিত হয়?,কমিউনিস্ট পার্টি অফ চায়না ও কুয়োমিনতাং।,Private
test_0488,আল ওয়াদুদ প্রথম শ্রেণির ক্রিকেটে গড়ে কতগুলি উইকেট নিয়েছিলেন?,৭।,Private
test_0489,উজবেকিস্তানে বহুবিবাহ সম্পর্কে কী ধরনের বিতর্ক হয়েছে?,নাগরিক আইনের অধীনে বহুবিবাহের আইন নিয়ে।,Private
test_0490,কেরল ফুটবল অ্যাসোসিয়েশন কবে বেসরকারিকরণ করা হয়?,২০২১।,Public
test_0491,দাবা অলিম্পিয়াডে বাংলাদেশের হয়ে খেলা ব্যক্তিটি কে?,তাহমিদুর রহমান।,Public
test_0492,মধুকর রাও ভাগবতের পুত্রের নাম কী?,মোহন ভাগবত।,Public
test_0493,কাপড় বোনার জন্য সুতা কোনভাবে তাঁতে স্থাপন করা হয়?,উল্লম্বভাবে ঝুলিয়ে দেওয়া হয়।,Private
test_0494,পুলিশ ব্যুরো অব ইনভেস্টিগেশন (পিবিআই) গঠনের পেছনে কোন বছরের পুলিশ এ্যাক্টের ধারা কার্যকর হয়?,২০১১।,Public
test_0495,সোভিয়েত সেনাবাহিনীর অফিসিয়াল সংবাদপত্রের নাম কী যা ন্যাশনাল গার্ডকে উপহাস করে একটি নিবন্ধ প্রকাশ করে?,ক্রাসনায়া জেভেজদা।,Public
test_0496,পুঁজিবাদের কেন্দ্রীয় উপাদান হিসেবে ব্যক্তিগত সম্পত্তি কীভাবে সমাজবাদীদের দ্বারা সমালোচিত হয়?,বঞ্চনা ও শোষণের সমালোচনা।,Public
test_0497,ভাইনি আলা কী ধরনের কাজ করেন?,জনসংখ্যাতাত্ত্বিক।,Public
test_0498,জি. আনবালাগান কী পেশায় নিয়োজিত?,রাজনীতিবিদ।,Public
test_0499,"নেটওয়ার্ক ট্র্যাফিক কীভাবে পরিমাপ করা হয়, যা নেটওয়ার্ক ট্র্যাফিক পরিমাপ, নেটওয়ার্ক ট্র্যাফিক নিয়ন্ত্রণ এবং সিমুলেশনের প্রধান উপাদান?",নেটওয়ার্ক জুড়ে চলা ডেটার পরিমাণ।,Public
test_0500,সূরা মারইয়ামের নামকরণের ক্ষেত্রে কোন বাক্যাংশটি উল্লেখযোগ্য?,وَ اذْكُرْ فِي الْكِتَبِ مَرْيَمَ।,Private
test_0501,পশুপতি প্রসাদ মাহাতো কোন ক্ষেত্রে গবেষক ছিলেন?,"নৃতত্ত্ব, সমাজতত্ত্ব, ঐতিহাসিক।",Public
test_0502,রওদা দ্বীপের কোন অংশে সালিহ আইয়ুব একটি প্রাসাদ তৈরি করেছিলেন?,দক্ষিণ প্রান্ত।,Public
test_0503,বাহাদুরশাহী ইউনিয়নের ক্রম সংখ্যা কী?,৭।,Private
test_0504,জলবায়ু পরিবর্তনের রূপরেখা সম্মেলনের পরিশিষ্ট ১-এ উল্লিখিত দেশগুলোর তালিকা কোথায় পাওয়া যায়?,পরিশিষ্ট ১।,Private
test_0505,ঝু শিমিং কোন অলিম্পিকে ব্রোঞ্জ পদক জেতেন?,২০০৪ অলিম্পিক।,Private
test_0506,"অল বেঙ্গল উইমেনস ইউনিয়ন কোন সালে নিবন্ধিত হয়নি, কিন্তু এটি কোন আইনের অধীনে নিবন্ধিত হয়েছিল?",১৮৬০ সালের আইন ২১।,Public
test_0507,পাথরঘাটা কেন্দ্রে ২০১৬-১৭ অর্থ-বছরে মৎস্য অবতরণের পরিমাণ কত ছিল?,৪৭৬৬.৯৭ মেঃ টন।,Private
test_0508,ইতালিতে বাংলাদেশি জনসংখ্যা কখন এক-দ্বিগুণ হয়ে যায়?,১৯৮৯ সালের শেষদিকে এবং ১৯৯০-এর মাঝামাঝি সময়ে।,Private
test_0509,শান শব্দটি কোন প্রসঙ্গে ব্যবহৃত হয়?,দ্ব্যর্থতা নিরসনে।,Public
test_0510,কোল্ট সিগারেট কোন কোন দেশে বিক্রি হয়েছে বা হচ্ছে?,"সুইজারল্যান্ড, গ্রীস, বেলারুশ, রাশিয়া, ইন্দোনেশিয়া, মার্কিন যুক্তরাষ্ট্র, ব্রাজিল, জাপান, আর্জেন্টিনা।",Public
test_0511,"তরল যোজক কলার কোষগুলো কীভাবে অবস্থান করে, যা এটিকে তরল যোজক কলা হিসেবে চিহ্নিত করে?",ধাত্রে ভাসমান অবস্থায়।,Private
test_0512,কত সময়ের মধ্যে বোম্বেকে ১৯৫০ সালের জাতীয় গেমস আয়োজন করতে বলা হয়েছিল?,তিন মাস।,Public
test_0513,ফিলিপাইনে মোর সিগারেট কোন কোম্পানি দ্বারা উত্পাদিত হয়?,পিএমএফটিসি।,Public
test_0514,ত্রিলোচন প্রধান কার অধীনে গবেষণা করে পিএইচডি ডিগ্রি অর্জন করেন?,মারভিন লিওনার্ড গোল্ডবার্গার।,Public
test_0515,প্রাকমুদ্রণ রচনাসমগ্রের অনুলিপি কবথেকে ইন্টারনেটে বৈদ্যুতিনে বিতরণ করা হয়েছে?,১৯৯১ সাল।,Public
test_0516,কার্টুওয়ে কী?,এক প্রকার কামান।,Public
test_0517,"মার্কিন যুক্তরাষ্ট্রের রাষ্ট্রপতি নির্বাচন, ২০২৪-এর রাজনৈতিক প্রচারাভিযানের কোন বিষয়গুলি প্রধান হতে পারে?","অপরাধ, শিক্ষা, অভিবাসন, আগ্নেয়াস্ত্র নিয়ন্ত্রণ, স্বাস্থ্যসেবা, গর্ভপাত অধিকার, এলজিবিটি অধিকার, অর্থনৈতিক অবস্থা, এবং জলবায়ু পরিবর্তন।",Private
test_0518,"শিখধর্মের প্রতিষ্ঠাতা কে ছিলেন যিনি পৃথিবীতে এক ঐশ্বরিক সৃষ্টিকর্তা, প্রভুর শিক্ষা দিয়েছিলেন?",গুরু নানক।,Public
test_0519,অ্যালিন মেরিয়াম হাঙ্গারফোর্ড কোন সংস্থার সদস্য ছিলেন?,মেডিক্যাল সোসাইটি অফ কানেটিকাট।,Private
test_0520,অদিতি সারংধর কোন পুরস্কারটি জিতেছেন?,জি গৌরব এবং মাতা সম্মান।,Public
test_0521,জামছড়ি ইউনিয়ন পরিষদ গঠনের জন্য কোন মন্ত্রণালয় গেজেট পাস করে?,স্থানীয় সরকার বিষয়ক মন্ত্রণালয়।,Private
test_0522,কঙ্গো নদী কত শতাংশ বেডলোড পরিবহন করে?,৬%।,Private
test_0523,সিকিম সংযুক্ত গণতান্ত্রিক জোট কোন রাজ্যে গঠিত হয়েছিল?,সিকিম।,Public
test_0524,মনোজ চক্রবর্তী কোন পদে পশ্চিমবঙ্গ সরকারের দায়িত্ব পালন করেছেন?,সংসদ বিষয়ক প্রতিমন্ত্রী।,Public
test_0525,পাণ্ডবদের অপমানের কারণে কে রাগান্বিত হয়ে মামা শকুনির সাথে পরামর্শ করে পাশা খেলার আয়োজন করেন?,দুর্যোধন।,Public
test_0526,শাস্তা অ্যাভারিহার্ড কোন দেশের বংশোদ্ভূত?,মেক্সিকো।,Public
test_0527,অ্যাপোলো হসপিটালস কোন বছরে অ্যাপোলো ফার্মাসি শুরু করে?,১৯৮৭।,Public
test_0528,গ্রিক পুরাণে মিনসের পিতা কে?,জিউস।,Private
test_0529,মাহভির কী প্রকাশিত হয়েছে বেশ কয়েকবার?,কবিতার সংকলন।,Public
test_0530,জুহি আসলামের পেশা কী?,অজানা।,Public
test_0531,আবুল খায়ের খানের মৃত্যুর পর উজবেক খানাত কেমন হয়ে পড়ে?,দুর্বল।,Private
test_0532,প্রাচীন ভারতে রাজতন্ত্রের ক্ষেত্রে রাজার ভূমিকা কী ছিল?,শাসক।,Public
test_0533,কেন্দ্রীয় কাচ ও সেরামিক গবেষণা প্রতিষ্ঠানটি কোন রাজ্যে অবস্থিত?,পশ্চিমবঙ্গ।,Private
test_0534,ভ্লাদিস্লাভ বব্রিশেভ কোন বছরের অ্যাক্রোব্যাটিক জিমন্যাস্টিকস ওয়ার্ল্ড চ্যাম্পিয়নশিপে ৬ষ্ঠ স্থান অর্জন করেছিলেন?,২০১৪।,Public
test_0535,এনএক্সটি ভেনজেন্স ডে (২০২৩) অনুষ্ঠানের ম্যাচগুলোর ফলাফল কে নির্ধারণ করেছিল?,ডাব্লিউডাব্লিউইয়ের লেখকদের।,Public
test_0536,"এক দেশ, এক ভোট প্রকল্পের সাথে জড়িত কমিটির বৈশিষ্ট্য কী?",উচ্চ পর্যায়ের।,Public
test_0537,ভানী ইউনিয়নের আয়তন কত?,৫ বর্গমাইল।,Public
test_0538,সুজান নিউকম্ব কোন বিশ্ববিদ্যালয় থেকে তার পিএইচডি অর্জন করেন?,কেমব্রিজ বিশ্ববিদ্যালয়।,Public
test_0539,রাজস্থান ফুটবল দল কোন সন্তোষ ট্রফিতে অন্তিম পর্বে ইতিহাস গড়ে উত্তীর্ণ হয়েছিল?,৭৫তম সন্তোষ ট্রফি।,Public
test_0540,মুম্বইয়ের ভিক্টোরীয় গথিক ও আর দেকো স্থাপত্য-সমাহারে কতগুলি ভবনকে রক্ষা করার লক্ষ্য রয়েছে?,৯৪ টি।,Private
test_0541,তাজিকিস্তান জাতীয় মহিলা ফুটবল দল ২০১৮ সালে কোন টুর্নামেন্টে তৃতীয় স্থান অর্জন করে?,সিএএফএ মহিলা চ্যাম্পিয়নশিপ।,Public
test_0542,ইফতিখার আহমেদ কোন দেশের ক্রিকেটার?,পাকিস্তান।,Private
test_0543,বেলডাঙা-১ ব্লকটি কোন মহকুমার অন্তর্গত?,বহরমপুর সদর মহকুমা।,Public
test_0544,হোল গ্রামে কোন গির্জা পাওয়া যায়?,চেল্ডসুন্ড গির্জা।,Private
test_0545,ডাব্লিউডাব্লিউই কখন তাদের প্রাতিষ্ঠানিক ওয়েবসাইটে একটি জরিপ পরিচালনা করে যেখানে ভক্তরা ২০১০ সালের ফেব্রুয়ারি মাসের প্রতি-দর্শনে-পরিশোধের জন্য একটি নামটি নির্ধারণ করার সুযোগ পায়?,২০০৯ সালের শেষের দিকে।,Public
test_0546,এলিমিনেশন চেম্বার ম্যাচটি কখন তৈরি করা হয়েছিল?,২০০২।,Public
test_0547,মাণিক্য কোথায় পশ্চাদপসরণ করেন এবং তারপর আরাকানের মগ রাজা মিন রাজাগির কাছে আশ্রয় নেন?,ভুলুয়া।,Private
test_0548,কেট ব্লানচেট কোন চলচ্চিত্রে ইংল্যান্ডের রাণী প্রথম এলিজাবেথের চরিত্রে অভিনয় করেছিলেন?,এলিজাবেথ।,Public
test_0549,মোহাম্মদ আমিন দিদি কত সাল থেকে কত সাল পর্যন্ত প্রধানমন্ত্রী হিসেবে দায়িত্ব পালন করেন?,১৯৪৫ থেকে ১৯৫২।,Private
test_0550,ই. কোলাইতে HU প্রোটিনের দুটি সাবইউনিট কী?,HUα এবং HUβ।,Public
test_0551,সীমা মুস্তাফা ১৯৯৬ সালের লোকসভা নির্বাচনে কোন অবস্থানে ছিলেন?,১০ম।,Public
test_0552,ক্যাফ চ্যাম্পিয়নস লিগে সবচেয়ে বেশি বার শিরোপা জিতেছে এমন ক্লাবটি কোনটি?,আল আহলি।,Private
test_0553,রোজা কারাসিওলোর পেশা কী ছিল?,অভিনেত্রী।,Public
test_0554,গঙ্গাসানি রামি রেড্ডি কোন বিশ্ববিদ্যালয় থেকে পড়াশোনা করেছেন?,ওসমানিয়া বিশ্ববিদ্যালয়।,Public
test_0555,কে. পি. নাচিমুথু গৌন্দার কোন রাজনৈতিক দলের সাথে যুক্ত ছিলেন?,সর্বভারতীয় আন্না দ্রাবিড় মুনেত্র কড়গম।,Public
test_0556,আবদুস সবুর নামটি কোন প্রসঙ্গে ব্যবহার করা হয়?,দ্ব্যর্থতা নিরসন।,Private
test_0557,সুপ্তিকালের কোন দুটি প্রকার রয়েছে?,অভ্যন্তরীণ ও বাহ্যিক সুপ্তিকাল।,Public
test_0558,ইউরোপ মহাদেশে ঘণ্টানির্মাণের প্রচলন কবে হয়?,৪র্থ বা ৫ম শতক।,Public
test_0559,জাভা সিগারেট প্রধানত কোন দেশে বিক্রি হয়?,রাশিয়া।,Public
test_0560,ড্যারিয়ান রবিনসন কোন মাসে ক্যান্ডিডেট মাস্টার খেতাব অর্জন করেন?,আগস্ট।,Public
test_0561,বিজ্ঞান প্রকল্পের মূল লক্ষ্য কী?,একটি সমাধানে উপনীত হওয়া।,Private
test_0562,ক্যামেরুনে বহুবিবাহের ক্ষেত্রে একজন পুরুষ কতজন স্ত্রী গ্রহণ করতে পারে?,কোনো সীমা নেই।,Private
test_0563,রবি কিচলু অবসরের পর কোন পদে নিযুক্ত হন?,এইচএমভি'র চিফ অপারেটিং অফিসার।,Public
test_0564,পার্থ দে কত বছর ধরে পশ্চিমবঙ্গের বিধানসভার সদস্য হিসাবে বাঁকুড়া বিধানসভা কেন্দ্রের প্রতিনিধিত্ব করেছেন?,২৫ বছর।,Public
test_0565,বিসমাথ ট্রাইব্রোমাইডের রাসায়নিক সংকেত কী?,BiBr3।,Private
test_0566,২০০৮ গ্রীষ্মকালীন অলিম্পিকে সাঁতার – পুরুষদের ২০০ মিটার ব্যক্তিগত মেডলি ইভেন্টে যোগ্যতা অর্জনের জন্য A মান কী ছিল?,২:০১.৪০সেকেন্ড।,Public
test_0567,আস্ত্রাইয়ুসের সন্তানদের মধ্যে কোনটি পশ্চিমা বায়ুর প্রতিনিধিত্ব করে?,জেফাইরুস।,Public
test_0568,চুংবুক চংজু ফুটবল ক্লাবের জন্য খেলা উল্লেখযোগ্য খেলোয়াড়দের মধ্যে কারা অন্যতম?,লি মিন-হিউন।,Private
test_0569,সাতকানিয়া রেলওয়ে স্টেশন কোন জেলায় অবস্থিত?,চট্টগ্রাম।,Public
test_0570,ইন্সট্রুমেন্টেশন প্রযুক্তিবিদ এবং কারিগরদের কীভাবে দক্ষ হতে হয়?,ইন্সট্রুমেন্টেশন যন্ত্রপাতি রক্ষনাবেক্ষন এবং যান্ত্রিক সমস্যা সমাধানে।,Public
test_0571,রাগী ব্যক্তি সাধারণত তাদের ক্রোধের কারণটি কোথায় খুঁজে পান?,"অন্য ব্যক্তির আচরণের ইচ্ছাকৃত, ব্যক্তিগত এবং নিয়ন্ত্রণযোগ্য দিকটিতে।",Public
test_0572,লেনিন কোন তাত্ত্বিকের ঘোষণাকে মেনে চলার দাবি করেছিলেন যে শুধুমাত্র সর্বহারা শ্রেণীর বিশ্বব্যাপী বিদ্রোহের মাধ্যমে বুর্জোয়াদের পরাস্ত করা সম্ভব?,কার্ল মার্কস।,Private
test_0573,মগনলাল গান্ধীর মৃত্যু কবে হয়?,২৩ এপ্রিল ১৯২৮।,Private
test_0574,আলেকজান্দ্রিয়া স্টেডিয়ামের স্থাপত্যশৈলী কোন ঐতিহাসিক যুগের সাথে সম্পর্কিত?,প্রাচীন যুগ।,Public
test_0575,ভিয়েতনাম জাতীয় অনূর্ধ্ব-২৩ ফুটবল দলের প্রথম আন্তর্জাতিক খেলার স্থান কোথায় ছিল?,ভিয়েতনামের হ্যানয়।,Public
test_0576,পাবনা মানসিক হাসপাতাল কখন শুরু হয়েছিল?,১৯৫৭ সালে।,Public
test_0577,আনব্রেকবল চলচ্চিত্রটি কোন সালে মুক্তি পায়?,২০০০।,Private
test_0578,কালো মাম্বা সাপের গড় দৈর্ঘ্য কত?,২.৫ মিটার।,Public
test_0579,বি. পল থালিয়াথ কোন হাসপাতালের রেডিয়েশন ক্যান্সার বিভাগের প্রধান?,কমলা নেহেরু মেমোরিয়াল হাসপাতাল।,Private
test_0580,মেরিট সিগারেট ব্র্যান্ডটির নামকরণ করা হয়েছে কোন শব্দ থেকে?,"""মেরিট"" শব্দ।",Public
test_0581,"প্রত্যহ যদি ভগবদ-বিমুখ ব্যক্তি পরম নিষ্ঠা বা যত্নের সঙ্গে মধুর হরিনাম কীর্তন করে, তা হলে তার জিহ্বায় কী হবে?",এক মধুর রসের আস্বাদন লাভ।,Public
test_0582,নরক কোথায় অবস্থিত বলে মনে করা হয়?,পাতালভূমি।,Public
test_0583,তানসেল তুরগুত কোন রাজ্যের ১৯৯৮ সালের রাজ্য দাবা চ্যাম্পিয়ন ছিলেন?,মিশিগান।,Public
test_0584,জেজু ইউনাইটেড ফুটবল ক্লাবের বর্তমান ম্যানেজার কে?,নাম কি-ইল।,Public
test_0585,রমানাথ কেন কেরানী হিসাবে কাজ নেন?,স্ত্রীর গয়না চুরির জন্য ঋণগ্রস্ত হয়ে পড়ার কারণে।,Private
test_0586,জেন-তিয়েন উং কতগুলি প্রকাশিত নিবন্ধ এবং বই লিখেছেন?,অন্তত পঞ্চাশটি।,Public
test_0587,গুরপ্রীত বেদি কোন মুকুট পেয়েছিলেন?,হিমালয়ান ফেমিনা মিস ন্যাচারাল বিউটি।,Public
test_0588,২০২৪ সালের জানুয়ারিতে পাকিস্তান ক্রিকেট দল কোন দেশে সফর করেছিল?,নিউজিল্যান্ড।,Public
test_0589,নারায়ণ তীর্থ কবে থেকে কবে বেঁচে ছিলেন?,১৬৫০ - ১৭৪৫ খ্রিস্টাব্দ।,Public
test_0590,লাদাখ ফুটবল দল কোন অঞ্চলের প্রতিনিধিত্ব করে?,লাদাখ।,Public
test_0591,ইবনে তুমার্ত কোন শহরে আশয়ারী মতবাদ প্রচার করেন?,ত্রিপোলি।,Public
test_0592,লালুপ্রসাদ যাদবের ঘনিষ্ঠ সহযোগী কে যিনি সমাজবাদী ক্রান্তিকারি সেনার চ্যালেঞ্জের মুখে মণ্ডল সেনা গঠন করেন?,পাপ্পু যাদব।,Private
test_0593,মঘাদিয়া ইউনিয়নের উপর দিয়ে কোন খালটি প্রবাহিত হচ্ছে?,খন্তাকাটা খাল।,Public
test_0594,র‌্যাপিডশেয়ারের দ্বিতীয় ওয়েবসাইট (.com) কোন উদ্দেশ্যে প্রতিষ্ঠিত হয়েছিল?,ডট ডিই ওয়েবসাইট থেকে ডট কম ওয়েবসাইটে ফাইল ট্রান্সফার।,Private
test_0595,মাম্বিল্লিকালাথিল গোবিন্দ কুমার মেনন কোন সালে জন্মগ্রহণ করেন?,১৯২৮।,Private
test_0596,শিয়াও ঝান কোন বছরে তার অভিনয় জীবন শুরু করেন?,২০১৬।,Public
test_0597,রামচন্দ্র ডোম কোন সংস্থার গভর্নিং বডি হিসেবে কাজ করেছেন?,ইন্ডিয়ান কাউন্সিল অফ মেডিক্যাল রিসার্চ।,Public
test_0598,ডিডি বাংলা চ্যানেলের প্রারম্ভিক পর্যায়ে কোন ধরনের সম্প্রচার মাধ্যম ব্যবহার করা হত?,টেরেস্ট্রিয়াল সম্প্রচার।,Public
test_0599,আমন আমার্থ ব্যান্ডটির প্রথম নাম কী ছিল?,স্কুম।,Private
test_0600,রিচার্ড গ্রিন কখন সান মাইক্রোসিস্টেমে যোগদান করেন?,১৯৮৯।,Public
test_0601,কোলেস্টেরল সংশ্লেষণের প্রক্রিয়ায় মেভ্যালোনেট কীভাবে পরিবর্তিত হয়?,3-আইসোপেনটেনআইল পাইরোফসফেটে।,Public
test_0602,জাভা ভার্চুয়াল মেশিন কীভাবে জাভা বাইটকোডকে সম্পাদন করে?,সম্পাদন করে।,Public
test_0603,"উয়েফা চ্যাম্পিয়ন্স লিগ, উইমেনস চ্যাম্পিয়ন্স লিগ এবং যুব লীগের বর্তমান দাপ্তরিক ফুটবল কোন কোম্পানি তৈরি করে?",আডিডাস।,Private
test_0604,মরিয়ম নূর কোন নাটকে তার ভূমিকার জন্য পরিচিত?,"আব দেখ খুদা কেয়া কর্তা হ্যায়, সিলসিলে, মালাল-ই-ইয়ার।",Public
test_0605,শেহজাদ আহমেদ কোন টুর্নামেন্টের জন্য ডেনমার্কের দলে নির্বাচিত হন?,বিশ্ব ক্রিকেট লীগ ডিভিশন ফোর।,Public
test_0606,কোন তালিকা বিভিন্ন শ্রেণিবিভাগ অনুসারে সাজানো হয়েছে?,ছুটির তালিকা।,Public
test_0607,২০০৮ গ্রীষ্মকালীন অলিম্পিকে মুষ্টিযুদ্ধ – লাইট হেভিওয়েট প্রতিযোগিতায় ফারানি টাভুই কোন রাউন্ডে নকআউট হয়েছিলেন?,৩২জনের রাউন্ড।,Public
test_0608,গুল মোহাম্মদ খাঁ কার কাছে সঙ্গীতের তালিম গ্রহণ করেন?,পিতা ওস্তাদ আহমদ খাঁ এবং পিতৃব্য ওস্তাদ হায়দার বকস।,Private
test_0609,মাখনে কী ধরনের উপাদান ব্যবহার করা হতে পারে?,"লবণ, সুগন্ধি, প্রিজার্ভেটিব।",Public
test_0610,বেতাগী শহরটির অবস্থান কীভাবে নির্ধারণ করা হয়?,অক্ষাংশ ও দ্রাঘিমাংশ।,Public
test_0611,স্মিথ রিপোর্ট-এর প্রথম আটটি মুদ্রণে কতগুলি কপি বিক্রি হয়েছিল?,"১,২৭,০০০।",Public
test_0612,রুশনারা আলী কোন ফাউন্ডেশনের ট্রাস্টি?,পল হ্যাম্লাইন ফাউন্ডেশন।,Public
test_0613,হাদরামি শেখগণ কোন উপাধি ব্যবহার করতো যা তাদের ধর্মীয় মর্যাদা প্রকাশ করে?,শায়খ আল-মাশায়খা আল-হাদরামিয়্যা।,Private
test_0614,হারবাং রেলওয়ে স্টেশন কোন বিভাগের অন্তর্গত?,চট্টগ্রাম।,Public
test_0615,ল্যাম্বডা অক্ষরের জন্য এইচটিএমএল ৪ অক্ষর সত্তার উল্লেখগুলি কী?,codice_1 এবং codice_2।,Public
test_0616,সিরিয়া জাতীয় অনূর্ধ্ব-২৩ ফুটবল দলের প্রধান কার্যালয় কোথায় অবস্থিত?,দামেস্ক।,Public
test_0617,ন্যাশভিলের মিউজিক রোতে প্রথম নারী রেকর্ড প্রযোজক কে?,গেইল ডেভিস।,Private
test_0618,বিশ্ব হাত ধোয়া দিবসের তাৎপর্য কী?,ডায়রিয়াজনিত রোগ প্রতিরোধ।,Public
test_0619,কংগ্রেস (ধর্মনিরপেক্ষ) দলটি কোথায় গঠিত হয়েছে?,কেরল।,Public
test_0620,মীরা দত্ত গুপ্ত কোথায় জন্মগ্রহণ করেন?,ঢাকা।,Public
test_0621,"শিখধর্মে ""ওয়াহেগুরু"" শব্দটির প্রকৃত অনুবাদের অর্থ কী?","""বিস্ময়কর ঈশ্বর"" বা ""বিস্ময়কর রক্ষক""।",Public
test_0622,রালফ ওয়াল্ডো এমারসন কোন ধরনের রাজনীতিবিদ হিসেবে পরিচিত ও প্রতিষ্ঠিত হয়েছিলেন?,ইউনিটারিয়ান রাজনীতিবিদ।,Public
test_0623,লোকতান্ত্রিক মোর্চা রাজনৈতিক দলটি কোন রাজ্যে নিবন্ধন করা হয়?,হিমাচল প্রদেশ।,Private
test_0624,দক্ষিণ রোডেশিয়া কোন সালে ফেডারেশন অফ রোডেশিয়া এবং নিয়াসাল্যান্ডে একীভূত হয়?,১৯৫৩।,Public
test_0625,মাইকেল জ্যাকসন কতগুলি গ্র্যামি পুরস্কার পেয়েছেন?,১৩টি।,Private
test_0626,স্পোর্টস ওডশা কোন চ্যাম্পিয়নশিপে উপস্থিত হয়েছে?,ফুটসাল ক্লাব চ্যাম্পিয়নশিপ।,Private
test_0627,"দেবপ্রিয়া রায় কোথায় তার শিক্ষা গ্রহণ করেন, যেখানে তিনি জন্মগ্রহণ করেন?",কলকাতায়।,Public
test_0628,চন্দ্রযান-২ কবে চন্দ্রপৃষ্ঠে পায়ের ছাপ রেখেছিল?,২০১৯ সালে।,Public
test_0629,মহব্বত খান কোন সালে সম্রাট জাহাঙ্গীরের বিরুদ্ধে বিদ্রোহ করেছিলেন?,১৬২৬।,Public
test_0630,সাংখ্যদের মতে অধ্যবসায় কীভাবে সংজ্ঞায়িত করা হয়?,এক ধরনের সচেতনতা।,Private
test_0631,"মধুমতি চলচ্চিত্রে ""আবু"" চরিত্রে অভিনয় করেছেন কে?",রিয়াজ।,Private
test_0632,২০০১ সালে ভারতের লিঙ্গানুপাতের হার কত ছিল?,৯৩৩।,Public
test_0633,ওমান জাতীয় অনূর্ধ্ব-২৩ ফুটবল দলের প্রথম আন্তর্জাতিক খেলাটি কোথায় অনুষ্ঠিত হয়েছিল?,রিয়াদ।,Private
test_0634,গ্রেসন ওয়ালার কোন সালে তার শিক্ষকতার চাকরি ছেড়ে দেন?,২০২১।,Public
test_0635,মেনেস্থেউস কার অন্যতম পাণিপ্রার্থী ছিলেন?,হেলেন।,Private
test_0636,অধিকার মানবাধিকার সংগঠনটি কবে মতিঝিল শাপলা চত্তরের অভিযানের বিষয়ে ফ্যাক্ট ফাইন্ডিং রিপোর্ট প্রকাশ করেছিল?,১০ জুন ২০১৩।,Private
test_0637,চন্দেশ্বর নায়নার কী ধরনের উপকরণ গ্রহণ করতেন?,খাদ্য ও মালা।,Public
test_0638,আহমেদ সোহেল কোন সালে ইংল্যান্ডের মালিক এবং মাইকেল আইনি সংস্থায় যোগদান করেন?,২০০২।,Private
test_0639,উমর নাসির মালদ্বীপের কোন মন্ত্রণালয়ের প্রাক্তন মন্ত্রী?,স্বরাষ্ট্রমন্ত্রী।,Private
test_0640,কবে বড়তলা পূর্ব বিধানসভা কেন্দ্রটি অবলুপ্ত হয়েছে?,২০১১।,Public
test_0641,সিদ্ধেশ্বর স্বামী সাধারণ মানুষকে কীভাবে নেতৃত্ব দিয়েছিলেন?,আধ্যাত্মিক জীবনে ফিরে আসতে।,Private
test_0642,রংপুর সিটি কর্পোরেশনের ১০নং ওয়ার্ডের সাথে কোন প্রশাসনিক এলাকার সম্পর্ক রয়েছে?,রংপুর সিটি কর্পোরেশন।,Public
test_0643,টাইজি বড় মসজিদটি কোন সম্প্রদায়ের দ্বারা নির্মিত হয়েছিল?,ইয়িনচুয়ানের হুই সম্প্রদায়।,Private
test_0644,"ফিসএক্স কোন কোম্পানির সাথে একটি চুক্তি করেছে এজেইয়ার পিপিইউ, ফিসএক্স পি১ এর বিকল্প সংস্করণ উৎপাদনের জন্য?",আসুস এবং বিএফজি টেকনোলজিস।,Public
test_0645,প্রতিরক্ষা দিবসের উদযাপনে কী অন্তর্ভুক্ত থাকে?,উদযাপন ও কুচকাওয়াজ।,Public
test_0646,ভক্তিসিদ্ধান্ত সরস্বতীর কাজের তালিকায় কোন ধরনের গ্রন্থ অন্তর্ভুক্ত রয়েছে?,"প্রামাণিক বৈষ্ণব গ্রন্থের ভাষ্য, সজ্জন-তোষণী পত্রিকা ও গৌড়ীয় প্রবন্ধ।",Public
test_0647,"আচরণবাদ এবং ইথলজির মধ্যে কী পার্থক্য, বিশেষ করে বিবর্তনীয় অভিযোজিততার উপর জোর দেওয়ার ক্ষেত্রে?",বিবর্তনীয় অভিযোজিততার উপর জোর।,Public
test_0648,নদীর সৃষ্টি কীভাবে হয়?,পানিচক্রের প্রভাবে পর্বতের গায়ে বরফ গলা।,Public
test_0649,ধর্মমঙ্গল কাব্যের প্রধান কাহিনিটি কোন চরিত্রের বীরত্বগাথাকে কেন্দ্র করে গড়ে উঠেছে?,লাউসেন।,Public
test_0650,১৯৫৪ কলম্বো কাপে অংশগ্রহণকারী দলগুলোর মধ্যে কোন দলটি প্রথম স্থান অর্জন করে?,ভারত।,Private
test_0651,হেল্লেনের জন্ম কার মিলনের ফলে হয়েছিল?,পাইরা ও জিউস।,Public
test_0652,সোমসি মারা নায়নার কোন অনুশীলনের অনুসারী ছিলেন যা তাকে সোমসী উপাধিতে ভূষিত করেছিল?,সোমযজ্ঞ।,Public
test_0653,২০২৩ নারী মহাদেশীয় কাপের সাথে কোন প্রতিযোগিতা সম্পর্কিত?,উল্লেখিত নয়।,Public
test_0654,"শ্রীহর্ষ কোন সালে ""নৈষাধ চরিত"" রচনা করেন?",১১৭৪।,Private
test_0655,২০২৩–২৪ ইন্ডিয়ান সুপার লিগ প্লে-অফ কোন লিগের অংশ?,ইন্ডিয়ান সুপার লিগ।,Public
test_0656,নারায়ণ পণ্ডিত কোন গ্রন্থের লেখক?,হিতোপদেশ।,Public
test_0657,সোনম কাপুরের পিতামাতার নাম কী?,অনিল কাপুর এবং সুনিতা কাপুর।,Public
test_0658,হংসদূত কবিতাটির কতগুলি স্তবক রয়েছে?,১৪২টি।,Public
test_0659,সুবোধ সেনের পিতামাতার নাম কী?,নীরেন্দ্র বিনোদ সেন এবং লাবণ্য সেন।,Public
test_0660,প্রফুল্লকুমার সেন কবে ভারতে মহাধমনী অস্ত্রোপচারের প্রথম সার্জনদের একজন হন?,১৯৫০-এর দশক।,Private
test_0661,জাতীয় ভোক্তা অধিকার সংরক্ষণ অধিদপ্তর কীভাবে কাজ করে?,পণ্য ও পরিষেবার উপর ভোক্তাদের অভিযোগ গ্রহণ ও তা নিষ্পত্তি।,Public
test_0662,মেরি ক্লাবওয়ালা যাদব কত সালে মাদ্রাজের শেরিফ নিযুক্ত হন?,১৯৫৬।,Public
test_0663,ওরেস্থেউস কোন ধরনের পুরাণে পাওয়া যায়?,গ্রিক পুরাণ।,Private
test_0664,শ্যারন এলেন বার্টম্যান কতবার ইন্টারজোনাল টুর্নামেন্টে মার্কিন যুক্তরাষ্ট্রের প্রতিনিধিত্ব করেছেন?,দুইবার।,Public
test_0665,সের্হিও গোমেস মার্তিন কোন দলের হয়ে স্পেনের বয়সভিত্তিক পর্যায়ে অভিষেক করেছিলেন?,স্পেন অনূর্ধ্ব-১৬।,Private
test_0666,রুদ্র চ্যাটার্জি কতগুলি গল্প শোনান এই চলচ্চিত্রে?,চারটি।,Private
test_0667,শাস্ত্রীয় হিন্দু আইনের বিচারিক পদ্ধতি কীভাবে গঠিত হয়?,ধর্মশাস্ত্র ও স্মৃতি।,Public
test_0668,সুচারু রঞ্জন হালদার কোন লোকসভা কেন্দ্র থেকে নির্বাচিত হন?,রানাঘাট।,Public
test_0669,কর্ণফুলী জুট মিলস লিমিটেড-এ কাজ করে এমন দুটি গোষ্ঠীর নাম কী?,শ্রমিক ও ব্যবস্থাপনা।,Public
test_0670,কুমিল্লা মডেলের অন্তর্ভুক্ত পল্লীপূর্ত কর্মসূচি বাস্তবায়নের মূল উদ্দেশ্য কী?,গ্রামীণ অবকাঠামো উন্নয়ন।,Public
test_0671,স্যাকারিন মানুষের মধ্যে ক্যান্সার সৃষ্টি করে এমন কোনও যুক্তিসঙ্গততা পাওয়া গেছে কিনা তা নিশ্চিত করার পর কী হয়েছিল?,লেবেলের প্রয়োজনীয়তা বাতিল।,Public
test_0672,আইসিসি মহিলা প্লেয়ার র‌্যাঙ্কিং কীভাবে আন্তর্জাতিক ক্রিকেটারদের মূল্যায়ন করে?,সাম্প্রতিক পারফরম্যান্সের উপর ভিত্তি করে।,Private
test_0673,নালন্দায় কোন শিক্ষক কতজন শিক্ষার্থীকে শিক্ষা দান করতেন?,"রাহুল শ্রীভদ্র, ৭০ জন।",Public
test_0674,ইস্তভান ফ্রেডরিখের সরকার কোন নামে পরিচিত ছিল যখন তারা কিছু ডিক্রি জারি করে?,হাঙ্গেরিয়ান পিপলস রিপাবলিক।,Public
test_0675,ঔপনিবেশিক ভারতে উচ্চ মানের চামড়াজাত পণ্যের চাহিদা কে পূরণ করতে সক্ষম হয়েছিল?,চীনা ভারতীয়রা।,Private
test_0676,ফিলিপাইন জাতীয় মহিলা ফুটবল দল কোন বছরে দক্ষিণ-পূর্ব এশিয়ান গেমসে ব্রোঞ্জ পদক জিতেছিল?,১৯৮৫।,Public
test_0677,জন ম্যাককেইন কোন সালের মার্কিন প্রেসিডেন্ট নির্বাচনে রিপাবলিকান পার্টির প্রেসিডেন্ট পদপ্রার্থী হিসাবে বারাক ওবামার সাথে প্রতিদ্বন্দ্বিতা করে পরাজিত হন?,২০০৮।,Public
test_0678,অতিমা শ্রীবাস্তব কত বছর বয়সে লন্ডনে চলে আসেন?,আট বছর।,Public
test_0679,ব্রাহ্মণ শব্দটির দ্ব্যর্থতা নিরসনের উদ্দেশ্য কী?,দ্ব্যর্থতা দূর করা।,Public
test_0680,আলভীনা গার্ডেন কোন জেলায় অবস্থিত?,সিলেট।,Private
test_0681,বেঙ্গালুরু মেট্রো রেল কোন কর্পোরেশন দ্বারা পরিচালিত হয়?,বেঙ্গালুরু মেট্রো রেল কর্পোরেশন।,Private
test_0682,দক্ষিণ এশিয়ার বৃহত্তম জন-ভাষাগোষ্ঠী গোষ্ঠী কী?,ইন্দো-আর্য গোষ্ঠী।,Private
test_0683,বিষ্ণুস্বামীর পরিচয় কী?,হিন্দু ধর্মগুরু।,Public
test_0684,"ইউএসপি টিংকচার অফ আয়োডিনের কোন উপাদানের পরিমাণের ভিত্তিতে ""২% মুক্ত আয়োডিন"" ধারণাটি বলা হয়?",মৌলিক আয়োডিন।,Private
test_0685,নঙ ট্রন ট্রান ফু শহরটি ভিয়েতনামের কোন অঞ্চলে অবস্থিত?,উত্তর-পূর্বাঞ্চল।,Public
test_0686,বাংলাদেশের প্রথম চাকমা ভাষার চলচ্চিত্রের নাম কী?,মর থেংগারি।,Public
test_0687,বেইজিং অলিম্পিক ২০০৮-এর সাঁতার প্রতিযোগিতার তথ্য কোথা থেকে সংগৃহীত?,বেইজিং অলিম্পিক ২০০৮-এর সরকারি ওয়েবসাইট।,Private
test_0688,গগনবিহারী লাল্লুভাই মেহতা কখন দেশের দ্বিতীয় সর্বোচ্চ বেসামরিক পুরস্কার পদ্মবিভূষণ পেয়েছিলেন?,১৮৫৯ খ্রিস্টাব্দ।,Private
test_0689,রুশ-ইউক্রেনীয় যুদ্ধের সময় ১০০ তম টেরিটোরিয়াল ডিফেন্স ব্রিগেডের বিরুদ্ধে কোন দেশের সামরিক বাহিনী লড়াই করে?,রাশিয়া।,Private
test_0690,চিঠির লেখক কিডনিটির বাকী অর্ধেক কী করেছেন?,ভেজে খেয়েছেন।,Private
test_0691,সুফি তরিকা তালিকায় উল্লেখযোগ্য সুফি তরিকা বা মতের উদ্দেশ্য কী?,আধ্যাত্মিক বিকাশ।,Public
test_0692,শ্যানজিয়াং মসজিদের মিনারটি কীভাবে ব্যবহৃত হয়?,নামাজের সময় মুসলিমদের ডাক দেওয়ার জন্য।,Public
test_0693,রামকেলিতে মদনমোহন মন্দির কে প্রতিষ্ঠিত করেছিলেন?,রূপ গোস্বামী ও সনাতন গোস্বামী।,Public
test_0694,ভারতীয় সংখ্যা পদ্ধতি অনুযায়ী ১০-১৫ থেকে ১০১৫ পর্যন্ত সংখ্যার জন্য কীভাবে নাম দেওয়া হয়?,ভারতীয় সংখ্যা পদ্ধতি অনুযায়ী।,Public
test_0695,অ্যাটোসেকেন্ডের প্রতীক কী?,as।,Public
test_0696,হিজরী দ্বিতীয় শতাব্দী কবে শেষ হয়েছে?,২০০ হিজরি।,Public
test_0697,পৌরাণিকা বইটি কত সালে প্রকাশিত হয়েছে?,২০০১।,Public
test_0698,লাইফ অর সামথিং লাইক ইট চলচ্চিত্রে টেলিভিশন প্রতিবেদক লেনি কার্নিগানের চরিত্রে অভিনয় করেছেন কে?,অ্যাঞ্জেলিনা জোলি।,Public
test_0699,পোর্টেজ রোডটি কোথা থেকে কোথায় পর্যন্ত বিস্তৃত ছিল?,কামা অববাহিকার চেরডিন থেকে পেচোরার যক্ষ পর্যন্ত।,Public
test_0700,প্রাচীন গ্রীকরা বাতাসের জন্য কোন দুটি শব্দ ব্যবহার করত?,ইর এবং ইথার।,Public
test_0701,২০০৭ সালের হিসাবে ডেনমার্কে জেন্ডিয়ামের বাজারের শেয়ার কত শতাংশ ছিল?,৩৭%।,Public
test_0702,সালাহউদ্দিন আহমেদ মুক্তি কোন বছরে দশম জাতীয় সংসদ নির্বাচনে জাতীয় পার্টির মনোনয়নে সংসদ সদস্য নির্বাচিত হন?,২০১৪।,Public
test_0703,লেক্সিংটন সিগারেট ইউরোপের কোন দেশগুলিতে বিক্রি হয়?,"লাক্সেমবার্গ, নেদারল্যান্ডস, জার্মানি এবং গ্রীস।",Private
test_0704,মিউনিখ লুডভিগ ম্যাক্সিমিলিয়ান বিশ্ববিদ্যালয় কোথায় অবস্থিত?,মিউনিখ।,Private
test_0705,২০২২ সালের অক্টোবরে আইসিসি কোন টুর্নামেন্টের জন্য ল্যাংটন রুসেরেকে ম্যাচ কর্মকর্তা হিসেবে নিয়োগ করে?,২০২২ আইসিসি পুরুষ টি২০ বিশ্বকাপ।,Public
test_0706,রানা সাদ্দাম হুসাইনের পরিবারকে কোন রাজা আশ্রয় দেন?,রাজা দ্বিতীয় আবদুল্লাহ।,Public
test_0707,এনভার হোজা কত সাল থেকে কত সাল পর্যন্ত আলবেনিয়ার রাষ্ট্রপ্রধানের পদটি গ্রহণ করেন?,১৯৫৪-১৯৮৫।,Public
test_0708,সংনাম ফুটবল ক্লাব কত সালে প্রথমবারের মতো দক্ষিণ কোরিয়ার পেশাদার ফুটবলের শীর্ষ স্তর কে লিগ ১-এ অংশগ্রহণ করতে সক্ষম হয়েছিল?,১৯৮৯।,Private
test_0709,"সাপের প্রায় কতটি প্রজাতিকে বিষধর হিসেবে শনাক্ত করা গেছে, যা সম্পূর্ণ সাপের প্রজাতির কত ভাগ?","৬০০টি, চার ভাগের এক ভাগ।",Private
test_0710,মোবারক হোসেন ভূঁইয়ান কোন ক্লাবের হয়ে ২০১৩ সুপার কাপে অংশগ্রহণ করেন?,মোহামেডান এসসি।,Public
test_0711,লেখিকা সমরোহ সমিতির শাখাগুলির প্রকাশনা কীভাবে পরিচালিত হয়?,নিজস্ব প্রকাশনা এবং একটি বার্ষিক পত্রিকা।,Private
test_0712,শঙ্খচূড় কোথায় বাস করে এবং বিচরণ করে?,সমুদ্র উপকূল ও মোহনা।,Public
test_0713,"পদ্মাসনে বসার সময় অনুভূত ""বেদনাদায়ক"" ব্যথা কীভাবে পরিবর্তিত হয়?",অনুশীলনের সাথে কমে যায়।,Public
test_0714,"কোন পদ্ধতির সাথে বর্তমানে ""আন্তর্জাতিক স্বামীনারায়ণ সৎসঙ্গ মণ্ডল""-কে যুক্ত করা হয়েছে?",SS-AUSM।,Private
test_0715,ক্যাপ্রি প্যান্ট যুক্তরাষ্ট্রে জনপ্রিয় হয়ে ওঠার পেছনে কোন টিভি ধারাবাহিকের অবদান ছিল?,দ্য ডিক ভ্যান ডাইক শো।,Public
test_0716,বীরেন্দ্রনাথ কাঠাম কোন দলের সদস্য হিসাবে লোকসভায় নির্বাচিত হন?,ভারতীয় জাতীয় কংগ্রেস।,Public
test_0717,বিশ্ব ইতিহাস সংঘ কী ধরনের সংঘ?,কেতাবি সংঘ।,Private
test_0718,বাংলাদেশে কালীগঞ্জ ইউনিয়নের সংখ্যা কত?,২।,Public
test_0719,রাঙ্গামাটিয়া ইউনিয়নে পুরুষ ও মহিলাদের সংখ্যা কত ছিল ২০১১ সালের আদমশুমারি অনুযায়ী?,"৯,৮০২ জন পুরুষ এবং ১১,১৭২ জন মহিলা।",Private
test_0720,চূড়া ঘড়ি সাধারণত কোন অংশে অবস্থিত থাকে?,উচ্চতম অংশে।,Public
test_0721,ওরাসকম গ্রুপের প্রতিষ্ঠাতা কে?,ওনসি সাউইরিস।,Public
test_0722,"অনন্ত সদাশিব আলতেকার কবে ""The Numismatic Society of India"" এর প্রথম চেয়ারম্যান নির্বাচিত হন?",১৯৪৭ সাল।,Public
test_0723,বার্ণবার সুসমাচার কোন দুটি ধর্মীয় বিশ্বাসের বিরুদ্ধে দৃষ্টিভঙ্গি প্রকাশ করে?,ইসলামী এবং ত্রি-তত্ত্ব।,Public
test_0724,সোনালী চক্রবর্তী কোন সিরিয়ালে দাদীর চরিত্রে অভিনয় করেছিলেন?,গানচোরা।,Private
test_0725,কালঘড়া হাফিজ উল্লাখ উচ্চ বিদ্যালয়টি কোন ইউনিয়নে অবস্থিত?,রসুল্লাবাদ ইউনিয়ন।,Private
test_0726,নাগা মাতৃ সমিতি কোন সালে রাজ্যে ক্রমবর্ধমান সহিংসতা এবং রাজনৈতিক অস্থিতিশীলতার পরিস্থিতি আটকানোর জন্য একটি শান্তি দল গঠন করে?,১৯৯৪।,Public
test_0727,ঝাং জেহান কোন সালে জাপানের ইয়াসুকুনি তীর্থস্থান এবং নোগি তীর্থস্থানের কাছাকাছি একটি স্থানে চীন আক্রমণকারী সাম্রাজ্যিক জাপানি সামরিক অফিসারদের সম্মান জানানোর কারণে বিতর্কে জড়িয়েছিলেন?,২০২১।,Public
test_0728,গুন্টার গ্রাস কোন শহরে জন্মগ্রহণ করেন?,ডানজিগ।,Private
test_0729,শাহরানিয়োজন কোন দেশের কর্মকর্তা ছিলেন?,ইরান।,Public
test_0730,বারি মাল্টা ১ কবে উদ্ভাবন করা হয়?,২০০৩ খ্রীস্টাব্দ।,Public
test_0731,বীণা মন্ডল কোন রাজনৈতিক দলের সদস্য হিসেবে পশ্চিমবঙ্গ বিধানসভায় নির্বাচিত হন?,তৃণমূল কংগ্রেস।,Private
test_0732,মরার অধিকার জীবনের অধিকারের সাথে কীভাবে সম্পর্কিত?,সহাবস্থান করতে পারে।,Public
test_0733,তিরুবেলুক্কুত্রিরুক্কাই কী ধরনের গান?,স্তোত্রগীত।,Public
test_0734,ভারতের মার্ক্সবাদী কমিউনিস্ট পার্টির সাধারণ সম্পাদক কে ছিলেন?,জগজিৎ সিং লায়ালপুরী।,Private
test_0735,এ কে এম রফিকুল হক কোন বিষয়ে এম এ ডিগ্রি লাভ করেন?,ইসলামের ইতিহাস ও সংস্কৃতি।,Private
test_0736,উগ্রাম চলচ্চিত্রের প্রধান সিনেমাটোগ্রাফার কে?,ভুবন গৌড়া।,Public
test_0737,পরীক্ষার প্রশ্নপত্রগুলি কোথায় পাঠানো হয় চিহ্নিত করার জন্য?,ইউসিএলইএস-এ।,Public
test_0738,বুরজিনকা কোথায় অবস্থিত?,কোলস্তায়।,Public
test_0739,অমর ন্যৌপানে কোন ধরনের লেখক?,ঔপন্যাসিক।,Public
test_0740,দাসারি নাগভূষণ রাও কখন রাজ্যসভার সদস্য নির্বাচিত হন?,১৯৯৮।,Private
test_0741,"সিন্ধুঘোটকের মাংস, চর্বি, দাঁত, এবং অস্থি আদিবাসীরা কোন উদ্দেশ্যে ব্যবহার করে?",বিভিন্ন কাজে।,Private
test_0742,হ্যারিঙ্গি লন্ডন বরো কাউন্সিল কবে লেন্ডলিজ গ্রুপের সাথে অংশীদারিত্বের প্রস্তাব করেছিল?,2017 সালে।,Public
test_0743,ফারজানা নামটি কীভাবে ব্যবহার করা হয়?,একটি নাম হিসাবে।,Private
test_0744,সাইক্লোজেনেসিস পদ্ধতি অনুসারে শ্রেণী-০৫ মাত্রার কয়েকটি ঘূর্ণিঝড়ের মধ্যে কোনটি ২০২৩ সালে সংঘটিত হয়েছিল?,"টাইফুন মাওয়ার, টাইফুন ভেলাবেন, টাইফুন সাওলা, হারিকেন ওটিস।",Private
test_0745,৭২তম একাডেমি পুরস্কারে কতগুলি চলচ্চিত্র একাধিক পুরস্কার অর্জন করে?,৪টি।,Public
test_0746,কেরল কংগ্রেসের নিবন্ধন কীভাবে?,বন্ধ করে দিয়েছে।,Private
test_0747,মালয়েশিয়া প্রযুক্তি বিশ্ববিদ্যালয়ের মূল ক্যাম্পাসের আয়তন কত?,১১৪৮ হেক্টর।,Public
test_0748,নাসিরা আক্তার কোথা থেকে একজন ভারতীয় উদ্ভাবক?,জম্মু ও কাশ্মীর।,Public
test_0749,গেরার্টেট হোফ্‌ট কোন পদ্ধতি ব্যবহার করে যুক্তি দিয়েছিলেন যে একটি কৃষ্ণগহ্বরের কাছাকাছি এলাকায় কোয়ান্টাম ক্ষেত্রগুলিকে এক মাত্রা অধ:স্থ তত্ত্ব দ্বারা বর্ণনা করা যেতে পারে?,এই পদ্ধতি।,Public
test_0750,গোল্ডেন গ্লোব পুরস্কার প্রদানের দিন পিপল ওয়েবসাইটটি কতবার পরিদর্শিত হয়?,৩ কোটি ৯৬ লক্ষ।,Public
test_0751,ঝিলিক ভট্টাচার্য কোন রাজ্যের বাসিন্দা?,পশ্চিমবঙ্গ।,Public
test_0752,মিস ফাতিমা কোন সালে হেস্টিংসে ব্রিটিশ মহিলা দাবা চ্যাম্পিয়নশিপ জিতেছিলেন?,১৯৩৩।,Public
test_0753,অনিতা কানওয়ার কোন চলচ্চিত্রের জন্য শ্রেষ্ঠ পার্শ্ব অভিনেত্রী বিভাগে ফিল্মফেয়ার পুরস্কারের মনোনয়ন পেয়েছিলেন?,"মহেশ ভট্টের ""জনম"" এবং মীরা নায়ারের ""সালাম বোম্বে!""।",Public
test_0754,সুজাতা চৌধুরী কোন মেডিকেল কলেজের প্রথম চিকিৎসক ছিলেন?,লেডি হার্ডিঞ্জ মেডিকেল কলেজ।,Public
test_0755,রাজা সগরের পুত্রদের কী নামে পরিচিত?,সগরপুত্র।,Private
test_0756,গ্রিক পুরণে আন্দ্রোগেউস কোন দ্বীপের রাজপুত্র ছিলেন?,ক্রিট।,Public
test_0757,জোগ্রাফেটাস জংগুএন্সিস প্রজাপতি কোন গোত্রের সদস্য?,হেসপেরায়িডি।,Private
test_0758,মেসুদ মোহাম্মদ মুসার নামের আমহারিক লিপিতে কী লেখা হয়?,መስኡድ መሀመድ ሙሳ।,Public
test_0759,অমৃত ভারত এক্সপ্রেস রেলগাড়িতে কতগুলি কামরা রয়েছে যা ইন্টিগ্রাল কোচ ফ্যাক্টরি থেকে প্রস্তুত করা হয়েছে?,২২টি।,Public
test_0760,কলকাতা মেট্রোর কোন অংশটি চিত্তরঞ্জন অ্যাভিনিউর নিচে বিস্তৃত?,একটি বৃহৎ অংশ।,Public
test_0761,বদনাম চলচ্চিত্রের গানের সুর ও কথা কে দিয়েছেন?,বাপ্পি লাহিড়ী ও পুলক বন্দোপাধ্যায়।,Public
test_0762,"শিয়া সম্প্রদায় ""তাকিয়া""কে কীভাবে দেখে?",প্রতিকূল পরিবেশে আত্মরক্ষা এবং সুরক্ষার সহজাত পদ্ধতি।,Public
test_0763,কৃষ্ণচন্দ্র রায়কে কে মুক্তি দেয়?,ইংরেজ।,Private
test_0764,"""আগডু"" ছবির সার্বিক সংগৃহীত আয় কত?",৩৪২.৫ মিলিয়ন টাকা।,Public
test_0765,দেবী গঙ্গার বাহন কী?,মকর।,Public
test_0766,.এলসি ডোমেইনের নিবন্ধন কার্যক্রম কে পরিচালনা করে?,আফিলিয়াস।,Private
test_0767,থেইলিন ফানবুর জন্ম কোন শহরে হয়?,শিলং।,Public
test_0768,গাজা থেকে দ্বৈত নাগরিকত্বধারী ব্রাজিলীয়দের সরিয়ে নেওয়ার জন্য ব্রাজিলীয় বিমানটি কার অনুমতির অপেক্ষায় ছিল?,ইসরায়েল।,Public
test_0769,রংপুর সিটি কর্পোরেশনের কোন ওয়ার্ডে প্রশাসনিক কাঠামো অবস্থিত?,৩৩নং ওয়ার্ড।,Private
test_0770,আফগানিস্তানের দ্বিতীয় জাতীয় সঙ্গীতের কথা কে লেখেন?,মহম্মদ মুখতার।,Public
test_0771,আবদুল্লাহ ইয়ামিনকে কত বছরের কারাদণ্ড দেওয়া হয়েছিল অর্থ পাচারের দায়ে?,পাঁচ বছর।,Private
test_0772,আল-জাজারির মোমবাতি ঘড়িতে সময় প্রদর্শনের জন্য কী ব্যবহার করা হয়েছিল?,একটি ডায়াল।,Private
test_0773,আলতাইন মসজিদের অভ্যন্তরীণ প্রাঙ্গণে কোন কবির সমাধি রয়েছে?,আমাননিসা খান।,Private
test_0774,ভারতের ভূতত্ত্ব কখন শুরু হয়েছিল?,৪৫৭ কোটি বছর আগে।,Public
test_0775,"রিতু ললিত কখন তাঁর তৃতীয় উপন্যাস ""চক্র: ক্রনিকলস অফ দ্য উইচ ওয়ে"" প্রকাশ করেন?",২০১৩।,Private
test_0776,"হৃষিকেশ পাণ্ডে ""পোরস"" ধারাবাহিকে কোন চরিত্রে অভিনয় করেছেন?",সেনাপতি রিপুদমন সিং।,Public
test_0777,ইব্রাহিম মোহাম্মদ সোলিহ তার প্রতিপক্ষ ইয়ামিনের চেয়ে কতগুলি ভোট বেশি পেয়েছেন?,"৩৮,৫০০।",Private
test_0778,সদরপুর সরকারি কলেজে স্নাতক (সম্মান) শ্রেণির পাঠদান কার্যক্রম কবে থেকে চলছে?,২০১১-২০১২ শিক্ষাবর্ষ।,Private
test_0779,ইনসুলেটেড-গেট বাইপোলার ট্রানজিস্টরের কাঠামোতে কী ব্যবহার করা হয়?,অক্সাইড আবরণ।,Public
test_0780,জিমি মাহের কোন মৌসুমে প্রথম ব্যাটসম্যান হিসেবে পুরা কাপে সহস্র রানের মাইলফলক স্পর্শ করেন?,২০০১-০২।,Public
test_0781,মুসাফির (১৯৫৭-এর চলচ্চিত্র)-এর সমস্ত গানের কথা কে লিখেছেন?,শৈলেন্দ্র।,Private
test_0782,বারঘোয়াটা গোত্র কোন বৃহত্তর বার্বার গোত্রের অন্তর্গত ছিল?,মাসমুদ গোত্র।,Public
test_0783,বাবুছড়া ইউনিয়নের প্রশাসনিক কার্যক্রম কোন থানার আওতাধীন?,দীঘিনালা থানা।,Public
test_0784,সফটওয়্যার নির্মাতার কাজের মধ্যে কী কী কাজ অন্তর্ভুক্ত?,"সফটওয়্যার ডিজাইন, কম্পিউটার প্রোগ্রামিং, সফটওয়্যার প্রকল্প ব্যবস্থাপনা, সফটওয়্যার পণ্য ব্যবস্থাপনা।",Public
test_0785,দীপা দাশমুন্সির পদ গ্রহণের সময় কী ঘটেছিল?,অধিষ্ঠিত।,Public
test_0786,রুহি জুবেরী কাকে বিয়ে করেন?,আহমদ জিয়াউদ্দিন।,Public
test_0787,৭২ সন্তোষ ট্রফিতে জম্মু ও কাশ্মীর ফুটবল দলের অধিনায়ক কে ছিলেন?,আকিফ জাভেদ রেশি।,Public
test_0788,কে. এম. ইমরুল কায়েশ কোন পদে পদোন্নতি পান?,জেলা ও দায়রা জজ।,Public
test_0789,হাসান গুল কবে থেকে আল-কায়েদার সদস্য ছিলেন?,অন্তত দশ বছর আগে।,Public
test_0790,টেলিভিশন চলচ্চিত্রগুলি সাধারণত কতগুলি পর্বে দেখানো হতে পারে?,এক বা ততোধিক পর্ব।,Public
test_0791,"পর্তুগিজ ভাষায় ""রোটেইরো"" শব্দের অর্থ কী?","""রোড ম্যাপ"" বা ""পরিভ্রমণ তালিকা""।",Public
test_0792,গুর্জরা-প্রতিহার রাজা মিহির ভোজ কোন উপাধি গ্রহণ করেছিলেন এবং বরাহ মূর্তিকে চিত্রিত করা মুদ্রাও তৈরি করেছিলেন?,"""আদি-বরাহ""।",Private
test_0793,কাদা মাটির টুকরাকে খাদ্য হিসাবে গ্রহণ করার কারণ কী?,খাদ্য সংকট।,Public
test_0794,রিচার্ড এফ. হেক কোন বছরে রসায়নে নোবেল পুরস্কার অর্জন করেন?,২০১০।,Public
test_0795,"""খোঁজ-দ্য সার্চ-২"" ছবির সঙ্গীত পরিচালনায় ইমন সাহার সহযোগী কে?",হাবিব ওয়াহিদ।,Public
test_0796,ইবনে কুল্লাব আশ-শাফির দলের মধ্যে কোন কোন ব্যক্তিত্ব অন্তর্ভুক্ত ছিল?,"আল-কারিবিসি, আল-কাল্নিসি, আল-মুহাসিবি, আল-বুখারি, আবু সাওর ও দাউদ জাহিরি।",Public
test_0797,"বাংলায় ""per cent"" শব্দটির সমতুল্য কী?",শতকরা ভাগ।,Public
test_0798,পারমাণবিক দুর্ভিক্ষের সময় কৃষি বাস্তুতন্ত্রের উপর পারমাণবিক শীতের প্রভাব কীভাবে প্রকাশ পায়?,ফসলের উৎপাদন হ্রাস।,Public
test_0799,পান্দিওন ১ম কার একমাত্র পুত্র ছিল?,অ্যাথেন্সের এরিখথনিউস ও ওকেয়ানিদ প্রাক্সিথেয়া।,Public
test_0800,পশ্চিমবঙ্গ রাষ্ট্রীয় বিশ্ববিদ্যালয়ের অধীনে কতগুলি কলেজ রয়েছে?,৫৭।,Public
test_0801,হুজি মসজিদটি কোন শতাব্দীতে নির্মিত হয়েছিল?,১৪শ শতাব্দী।,Public
test_0802,শ্রীরঙ্গ গদ্যম রচনা করার জন্য রামানুজকে কোন উৎসব অনুপ্রেরণা জোগায়?,পাঙ্গুনি উত্তরম্ উৎসব।,Public
test_0803,ডেভিড লিঞ্চের ছবিগুলির মধ্যে দ্য স্ট্রেইট স্টোরির বিশেষত্ব কী?,সরল ও স্পষ্ট গল্পবলি।,Public
test_0804,ইউনিক জোন্স গিবসন কোন প্রচারাভিযান তৈরি করার জন্য পরিচিত হয়ে ওঠেন?,"বিকজ অফ দেম, উই ক্যান™।",Public
test_0805,সিন্ধু আজাদ পার্টি কোন প্রতিষ্ঠানের নির্বাচনে তিনটি আসনে জয়লাভ করে?,সিন্ধু বিধানসভা।,Public
test_0806,মণিপুর পিপলস পার্টি কোন জোটকে সমর্থন করেছে?,জাতীয় গণতান্ত্রিক জোট।,Public
test_0807,রোমান সাম্রাজ্যের সময় বর্তমান ওরান অঞ্চলে কোন নামে একটি ছোট বসতি বিদ্যমান ছিল?,ইউনিকা কলোনিয়া।,Public
test_0808,বর্ণ শব্দটির অর্থ নির্ধারণের জন্য কী বিবেচনা করা উচিত?,প্রসঙ্গ ও ব্যবহার।,Public
test_0809,শ্রীরামকৃষ্ণ প্রতাপচন্দ্র হাজরাকে কীভাবে দেখতে পেয়েছিলেন?,শুকনো কাঠের টুকরার মতো।,Private
test_0810,২০১৩ সাল পর্যন্ত পেনাইল ট্র্যাকশনের ব্যবহার নিয়ে তদন্তের বেশিরভাগ গবেষণা কোন রোগের উপর দৃষ্টি নিবদ্ধ করে?,পেরোনি রোগ।,Public
test_0811,ভাষাবিজ্ঞানের পরিভাষায় ত্রিপদী কী?,একটি স্থায়ী এক্সপ্রেশন যা তিনটি পদ নিয়ে গঠিত।,Private
test_0812,মেধা কোন রাজার কাছে দুর্গোৎসব তত্ত্ব ব্যাখ্যা করেন?,রাজা সুরথ।,Public
test_0813,অরিন্দম গুইন কত সাল থেকে একজন কাউন্সিলর এবং কত সাল পর্যন্ত বৈদ্যবাটি পৌরসভার চেয়ারপার্সন ছিলেন?,"২০১০, ২০১৫-২০২১।",Private
test_0814,দক্ষিণ ইউরোপে ডাফনে মেজেরিয়াম উদ্ভিদটি কোন উচ্চতায় পাওয়া যায়?,মাঝারি থেকে উচ্চতর উচ্চতায়।,Public
test_0815,কেল-ঠোঁটি টুকান পাখির বৈশিষ্ট্য কী যা তাদের অন্যান্য পাখি থেকে আলাদা করে?,কেল-ঠোঁট।,Private
test_0816,দিনাজপুর নুরজাহান কামিল মাদ্রাসা কত একর জমির উপর স্থাপিত?,২.৬৩ একর।,Public
test_0817,নাজিয়াইং মসজিদটি কোন সালে সংরক্ষিত সাংস্কৃতিক নিদর্শন হিসেবে তালিকাভুক্ত করা হয়?,২০১৯।,Private
test_0818,শু কাই কোন বছরে জন্মগ্রহণ করেন?,১৯৯৫।,Public
test_0819,পেশমারগার কাঠামো কোন দুটি রাজনৈতিক দল দ্বারা বিভক্ত ও নিয়ন্ত্রিত হয়?,কুর্দিস্তান ডেমোক্রেটিক পার্টি ও কুর্দিস্তান দেশপ্রেমিক ইউনিয়ন।,Public
test_0820,১৯৬৪ এএফসি এশিয়ান কাপের টুর্নামেন্টে কোন অঞ্চলটি যেকোন যোগ্যতার ম্যাচ খেলতে পারে?,একটি সম্মিলিত মধ্য অঞ্চল ১ এবং ২।,Private
test_0821,পশ্চিমবঙ্গের রাজ্যপালের সরকারি বাসভবনের নাম কী?,রাজভবন।,Public
test_0822,এই-ইচি নেগিশি কোন রাসায়নিক বিক্রিয়া উদ্ভাবনের জন্য সর্বাধিক পরিচিত?,নেগিশি কাপলিং।,Public
test_0823,সিধো কানো বিরসা বিশ্ববিদ্যালয়ের অধীনে কতগুলি কলেজ রয়েছে?,৩০।,Public
test_0824,জোবার্গ সুপার কিংস ফ্র্যাঞ্চাইজিটির সাথে কোন ফ্র্যাঞ্চাইজির নাম উল্লেখ করা হয়েছে?,চেন্নাই সুপার কিংস।,Private
test_0825,ইয়েন্স কাজুস্ত সুইডেনের হয়ে আন্তর্জাতিক পর্যায়ে অভিষেক করার পর থেকে কতগুলি ম্যাচে অংশগ্রহণ করেছেন?,১৭।,Private
test_0826,এএসএম নজরুল ইসলাম রবি কোন নির্বাচনী এলাকা থেকে বাংলাদেশ আওয়ামী লীগের নৌকা প্রতীকে মনোনয়ন প্রত্যাশী ছিলেন?,পাবনা-৪।,Public
test_0827,২০০৮ গ্রীষ্মকালীন অলিম্পিকের মুষ্টিযুদ্ধ কোন শহরে অনুষ্ঠিত হয়?,বেইজিং।,Private
test_0828,আব্দুল মুক্তাদির কোন বিশ্ববিদ্যালয় থেকে ভূতত্ত্বে স্নাতকোত্তর ডিগ্রি অর্জন করেন?,ঢাকা বিশ্ববিদ্যালয়।,Public
test_0829,দোস্তানা চলচ্চিত্রের সঙ্গীতায়োজন করেছেন কে?,বিশাল-শেখর।,Public
test_0830,টিওপিইএক্স/পসিইডন উৎক্ষেপনের পর সমুদ্র সমতল পরিমাপের জন্য কোন প্রযুক্তি ব্যবহার করা হয়?,স্যাটেলাইট অলটিমিটার।,Public
test_0831,বেলমন্ড মিরাফ্লোরেস পার্ক হোটেলের পূর্ববর্তী নাম কী ছিল?,ওরিয়েন্ট-এক্সপ্রেস হোটেল।,Private
test_0832,ইকোকার্ডিওগ্রাফি অধ্যয়নের উপর ভিত্তি করে হৃৎপিণ্ডের কোন রোগটির পার্থক্য পরিমাপ করা যায়?,"হালকা, মাঝারি এবং গুরুতর আক্রান্ত হৃৎপিণ্ডের কপাটিকা রোগ।",Public
test_0833,ইয়াসের সেইরাওয়ান কতগুলি বই লিখেছেন?,বেশ কিছু।,Public
test_0834,বেহালা লাইব্রেরি কোন শহরের অন্যতম সমৃদ্ধ ও বৃহদায়তন গ্রন্থাগার?,কলকাতা।,Private
test_0835,নিহাল মনসুর কবে প্রথম-শ্রেণীর ক্রিকেটে অভিষেক ঘটান?,২৬ সেপ্টেম্বর ২০১৭।,Private
test_0836,মহারাজা যাদবীন্দ্র সিং আন্তর্জাতিক ক্রিকেট স্টেডিয়ামটি কত সালে প্রতিষ্ঠিত হয়?,২০২১।,Private
test_0837,সৌমেন রায় কত ভোটে তপন দেব সিংহকে পরাজিত করেন?,"৯৪,৯৪৮ ভোট।",Public
test_0838,লালচাঁদ ফুলমালি কবে সিপিআই-এর সদস্য হন?,১৯৫৭।,Public
test_0839,গ্যারি গর্ডন কোন বছরে সোমালিয়াতে তার ইউনিটের সাথে যোগ দেন?,১৯৯৩।,Public
test_0840,গ্লাইকোলিপিড কী ধরনের এনজাইমের সাথে সম্পর্কিত?,গ্লাইকোসিলট্রান্সফারেজ।,Public
test_0841,স্থানীয় লোকাধিকার সমিতি কোন দলের অনুমোদিত সংগঠন?,শিবসেনা।,Public
test_0842,দোলনচাঁপা গাছ প্রাথমিকভাবে কোন অঞ্চলের ফুল হিসেবে পরিচিত?,ভারতবর্ষ।,Public
test_0843,পূর্ব গুজরা ইউনিয়নে কোন সড়ক দিয়ে নোয়াপাড়া সেকশন-২ সড়কে যাওয়া যায়?,কাপ্তাই সড়ক।,Public
test_0844,ভিডা মুয়ার্ছী চলচ্চিত্রটি কোন প্রোডাকশন কোম্পানির ব্যানারে প্রযোজনা করা হয়েছে?,লাইকা প্রোডাকশন।,Public
test_0845,এসজি সিগারেটের উৎপত্তি কোন দেশে?,পর্তুগাল।,Public
test_0846,খেলে হাম জি জান সে শীর্ষক চলচ্চিত্রে গণেশ ঘোষের চরিত্রে অভিনয় করেছেন কে?,সম্রাট মুখার্জী।,Public
test_0847,মিডিয়া পণ্ডিত লিভ ম্যানোভিচ কী বলেছেন এসব আর্কাইভ সম্পর্কে?,ব্যবহারকারীদের অনেক উপায়ে উপকরণ নেভিগেট করতে ডাটাবেস ফরম হিসেবে সাহায্য করবে।,Public
test_0848,নিত্যযাত্রার সময় দিনের কোন অংশটিকে কী নামে ডাকা হয়?,ভিড়ের সময়।,Private
test_0849,১৯৯২ সালে রয়্যাল রাম্বল ম্যাচের বিজয়ী কী পুরস্কার পেয়েছিল?,ডাব্লিউডাব্লিউএফ ওয়ার্ল্ড হেভিওয়েট চ্যাম্পিয়নশিপ।,Public
test_0850,পাটোয়ারী শব্দটির ব্যবহার কীভাবে বৈচিত্র্যময় হতে পারে?,বংশগতভাবে এবং অন্যান্য প্রসঙ্গে।,Private
test_0851,ইলহাম হুসাইন কোন সংস্থার প্রধান হিসেবে দায়িত্ব পালন করেন?,মালদ্বীপ অটিজম অ্যাসোসিয়েশন।,Public
test_0852,চণ্ডীদাস চলচ্চিত্রটি কোন সালে মুক্তি পায়?,১৯৩৪।,Private
test_0853,উয়েফা ইউরোপীয় চ্যাম্পিয়নশিপের কোন সংস্করণে তৃতীয় স্থান নির্ধারণী ম্যাচ শেষ হয়েছে?,১৯৮০ সংস্করণ।,Public
test_0854,গিনি-বিসাউর জাতীয় সঙ্গীতের নাম কী?,এস্তা এ আ নসসা পাত্রিয়া বেম আমাদা।,Public
test_0855,ভারতে ২০২৫ সালে অনুষ্ঠিতব্য নির্বাচনের সাথে কোন প্রতিষ্ঠানের সম্পর্ক রয়েছে?,বিধানসভা।,Public
test_0856,ইহুদীরা মুহাম্মাদকে প্রশ্ন করেছিল কোন ঘটনা সম্পর্কে?,ইউসুফ-এর ঘটনা।,Private
test_0857,গ্রিক পুরাণে ইউরেনিয়া কীসের মিউজ ছিলেন?,জ্যোতির্বিজ্ঞান।,Public
test_0858,বাফেলো উইং ঐতিহ্যগতভাবে কীসহ পরিবেশন করা হয়?,সেলারি পাতা ও নীল পনির।,Public
test_0859,রিফিউজি চলচ্চিত্রে প্রসেনজিৎ চ্যাটার্জির চরিত্রটি কী?,বাংলাদেশের একজন বিশিষ্ট উদ্বাস্তু।,Public
test_0860,ইসরায়েলের ইন্টারনেট কান্ট্রি কোড টপ-লেভেল ডোমেইন (সিসিটিএলডি) কী?,.il।,Public
test_0861,দেবলগড় কোন নদীর তীরে অবস্থিত?,হাঙর নদী।,Public
test_0862,অক্সফোর্ড ইংরেজি অভিধানে আফগানিস্তানবাদকে কীভাবে তালিকাভুক্ত করা হয়েছে?,একটি মার্কিন প্রচলিত প্রবাদ।,Public
test_0863,NYSE গ্রুপ এবং ইউরোনেক্সটের একত্রীকরণের ফলে কী গঠিত হয়?,বিশ্বের প্রথম ইকুইটি এক্সচেঞ্জ।,Private
test_0864,লোনোমিয়া ফ্রাঙ্কাই প্রজাতিটি কোথায় পাওয়া যায়?,পেরু ওক্সাপাম্পা।,Public
test_0865,জামশিদ গিয়াসউদ্দিন আল কাশির গ্রন্থটি কোন ভাষায় অনূদিত হয়েছে?,ইংরেজি।,Public
test_0866,ভেনজেন্স (২০১১) অনুষ্ঠানে অসাম ট্রুথ ট্যাগ টিম ম্যাচে কাদের পরাজিত করেছে?,ট্রিপল এইচ ও সিএম পাংক।,Private
test_0867,লাউরেনৎস ডেল মূলত কোন অবস্থানে খেলেন?,ডান পার্শ্বীয় মধ্যমাঠের খেলোয়াড়।,Public
test_0868,যোগসূত্র II.29-এ যোগের কতটি অঙ্গের কথা উল্লেখ করা হয়েছে যার মধ্যে আসন অন্যতম?,আটটি।,Private
test_0869,পিয়ার ডি সিলভা কোন সালে সাইগনের সিআইএ-এর স্টেশন প্রধান হিসাবে নিযুক্ত হন?,1964।,Public
test_0870,শামাখি জুমা মসজিদটি কখন ইউনেস্কোর বিশ্ব ঐতিহ্যবাহী স্থানের তালিকায় অন্তর্ভুক্ত করা হয়?,১৯৯৫ সালে।,Private
test_0871,মহাসুখ মন্দির কোন জেলা শহর থেকে কত কিলোমিটার পশ্চিমে অবস্থিত?,বান্দরবান জেলা শহর থেকে তিন কিলোমিটার।,Public
test_0872,2015 সালে ইউএস সুপ্রিম কোর্টের সিদ্ধান্তের পর থেকে কী ঘটেছে মার্কিন গার্হস্থ্য অংশীদারিত্ব নিবন্ধনের ক্ষেত্রে?,কম নিবন্ধন।,Public
test_0873,কোন সালে অসহযোগ আন্দোলনের পর রাষ্ট্রপতি জাতীয় সংসদ বিলুপ্ত করেন?,২০২৪।,Public
test_0874,সৈয়দ আবদুল রহিম কোন অলিম্পিক টুর্নামেন্টের জন্য তার ছেলে সৈয়দ শহীদ হাকিমকে বেছে নিয়েছিলেন?,১৯৬০ গ্রীষ্মকালীন অলিম্পিক টুর্নামেন্ট।,Private
test_0875,মেন্ডোলিন বাদ্যযন্ত্রে কতগুলি জোড়া তার থাকে?,চার বা পাঁচ জোড়া।,Private
test_0876,ফকিরেরপুল ওয়াইএমসি দলটি কতবার শিরোপা জয় লাভ করেছিল ২০২৩–২৪ সালে?,দ্বিতীয়বার।,Public
test_0877,পুষ্পক রথের সাথে সম্পর্কিত দেবতা কে?,ইন্দ্র।,Private
test_0878,নিকলী থানা কবে গঠিত হয়?,১৯৮১ সালে।,Public
test_0879,মাউন্ট তাকাহে পর্বতে কী পাওয়া যায়?,"তুষার, বরফ এবং হিমবাহ।",Public
test_0880,কোন সালে ত্রিপুরা পাবলিশার্স গিল্ডের সচিব রঘুনাথ সরকার আগরতলা বইমেলা সম্পর্কে তার মন্তব্য করেন?,২০১৭।,Public
test_0881,বাকেরস জলপ্রপাত কোন জাতীয় উদ্যানে অবস্থিত?,হিলটন সমতল জাতীয় উদ্যান।,Public
test_0882,আবির রঞ্জন বিশ্বাস কোন রাজনৈতিক দলের সদস্য?,সর্বভারতীয় তৃণমূল কংগ্রেস।,Public
test_0883,হাদিল আল-হাশলামনের হত্যার ঘটনাটি কোন সংঘাতের সময় ঘটেছিল?,২০১৫-২০১৬ ইসরায়েল-ফিলিস্তিনি সংঘাত।,Public
test_0884,দ্য শাইনিং চলচ্চিত্রটি কোন সালে মুক্তি পায়?,১৯৮০।,Public
test_0885,অনিমেষ চক্রবর্তী কোন বিশ্ববিদ্যালয়ের বিজ্ঞান কলেজে রসায়নে স্নাতকোত্তর ডিগ্রির জন্য ভর্তি হন?,কলকাতা বিশ্ববিদ্যালয়।,Private
test_0886,সুলাইমান ইবনে আবদুল ওয়াহাব কোন অঞ্চলের সাথে সম্পর্কিত?,নজদ।,Private
test_0887,সোফিয়া লরেনের জন্ম কোন হাসপাতালে হয়েছিল?,ক্লিনিকা রেগিনা মার্গারিটা হাসপাতাল।,Public
test_0888,মুঞ্জি বাওয়েন্ডি কোন বিষয়ক গবেষণায় অংশগ্রহণকারী আদি গবেষকদের একজন?,কোলয়েডীয় কোয়ান্টাম ডট।,Public
test_0889,বিজয় গাঙ্গুলী কোন গানের জন্য সেরা নৃত্য পরিচালক হিসাবে ২০১৮ ফিল্মফেয়ার পুরস্কার জিতেন?,গালতি সে মিস্টেক।,Public
test_0890,ভারতে ফুটবল ক্লাবের সংখ্যা কেমন ধরনের?,বড়।,Public
test_0891,আধ্বব ব্রেইল কী হিসাবে স্বীকৃত?,আধুনিক মানদণ্ড ব্রেইল এনকোডিং।,Public
test_0892,মিরের খীল কোন ইউনিয়নে অবস্থিত?,ভূজপূর ইউনিয়ন।,Public
test_0893,ফতেহাবাদ ইউনিয়ন কোন উপজেলার অন্তর্গত?,দেবিদ্বার।,Private
test_0894,শুঁয়োপোকার রূপান্তর মানুষের শারীরিক জীবনের কোন প্রক্রিয়ার সাথে তুলনা করা যায়?,কোনটিই নয়।,Public
test_0895,প্রিয়া তেন্ডুলকর কোথায় মৃত্যুবরণ করেন?,প্রভাদেবী বাসভবন।,Private
test_0896,লোকতান্ত্রিক মোর্চা হিমাচল প্রদেশ কোন রাজ্যের একটি রাজনৈতিক দল?,হিমাচল প্রদেশ।,Public
test_0897,স্থানীয় সংবাদের বিষয়বস্তু কীভাবে অন্যান্য এলাকার সাথে তুলনা করা যায়?,সাধারণত অন্যান্য এলাকার জন্য আগ্রহের বিষয় নয়।,Public
test_0898,বচনামৃত কোন ধর্মীয় গ্রন্থের সাথে সম্পর্কিত?,হিন্দু গ্রন্থ।,Public
test_0899,ফিলিস্তিন জাতীয় অনূর্ধ্ব-২৩ ফুটবল দলটি কীভাবে পরিচিত?,আল-আহমর।,Public
test_0900,সিপিআই(এম)-এর কোন প্রার্থী ১৯৯৬ সালে কংগ্রেসের গুইরাম মাজিকে পরাজিত করেছিলেন?,অঙ্গদ বাউড়ি।,Private
test_0901,অভয়ারণ্যে দেখা যায় এমন আরেকটি বন্যপ্রাণী কী?,ভারতীয় বাইসন।,Private
test_0902,জশ ইংলিশ কোন মাসে পাকিস্তানিদের বিরুদ্ধে অস্ট্রেলিয়া একাদশের জাতীয় দলের হয়ে তার লিস্ট এ ক্রিকেটে অভিষেক হয়?,জানুয়ারি।,Private
test_0903,অস্কার আউরবাখ কোন বিশ্ববিদ্যালয়ে পরীক্ষার ভিত্তিতে প্রবেশ করেন?,নিউইয়র্ক বিশ্ববিদ্যালয়।,Public
test_0904,জিম্বাবুয়ে পুরুষ ক্রিকেট দল কতগুলি টোয়েন্টি২০ আন্তর্জাতিক (টি২০আই) ম্যাচ খেলার জন্য ২০২৩ সালের অক্টোবরে নামিবিয়া সফর করবে?,পাঁচটি।,Public
test_0905,মৎস্যের কনুইয়ের ওপরে কী ঢেকে রাখা হয়েছে?,অঙ্গবস্ত্র।,Public
test_0906,গরুড় পুরাণ গ্রন্থে পুত্র সম্পর্কে কী বলা হয়েছে?,পুত্র বিনা মুক্তি নাই।,Public
test_0907,শ্রাবণী মুখার্জির পিতামহ কেমন একজন ছিলেন?,চলচ্চিত্র নির্মাতা।,Public
test_0908,রক্ষন্দা খান শচীন ত্যাগীর সাথে কোথায় বিয়ে করেন?,মুম্বই।,Public
test_0909,মাহিগঞ্জ থানা কী ধরনের থানা?,মেট্রোপলিটন থানা।,Private
test_0910,ম্যাসাচুসেটস ইনস্টিটিউট অফ টেকনোলজিতে ক্লদ কোহেন-তানুদজির পদবি কী ছিল?,ভ্রাম্যমাণ অধ্যাপক।,Public
test_0911,বহুজন কমিউনিস্ট পার্টি ২০১৯ সালে কোন সমস্যার বিরুদ্ধে লড়াইয়ে অন্যান্য বাম শক্তির সাথে হাত মিলিয়েছিল?,এনআরসি।,Public
test_0912,কানিজ সুরকা কোন অনলাইন কমেডি গেম শো উপস্থাপন করেন?,দ্য জেনারেল ফান গেম শো।,Public
test_0913,সমরকলার মূল উদ্দেশ্য কী?,কৌশলগত লক্ষ্য অর্জন।,Public
test_0914,পায়ুমলদ্বারস্থ ফোড়া কী হিসাবে দেখা দেয়?,প্যারাপ্রোক্টাইটিস এর একটি জটিলতা।,Public
test_0915,ফাস্টট্র্যাক মার্কাটি কোন সালে টাইটান ঘড়ির একটি উপ-মার্কা হিসাবে চালু হয়?,১৯৯৮।,Public
test_0916,ওয়েন টিং কোন দুটি বিশ্ববিদ্যালয় থেকে স্নাতক হন?,কলম্বিয়া বিশ্ববিদ্যালয় এবং হার্ভার্ড বিজনেস স্কুল।,Private
test_0917,নিউ সোশ্যালিস্ট মুভমেন্ট দলটি কোন সালে ভারতের নির্বাচন কমিশনে নিবন্ধিত হয়েছিল?,২০০৭।,Public
test_0918,ফুয়েন্তে ফুয়েন্তে ওপাসএক্স চুরুটগুলি কোথায় তৈরি হয়?,চেতাও দে লা ফুয়েন্তে কারখানায়।,Private
test_0919,মুসলেহউদ্দিন আহমেদ কোন বিশ্ববিদ্যালয়ের প্রথম উপাচার্য হিসাবে দায়িত্ব পালন করেন?,নর্থ সাউথ বিশ্ববিদ্যালয়।,Public
test_0920,টেলিভিশনে শ্রেষ্ঠ পার্শ্ব অভিনেত্রী বিভাগে গোল্ডেন গ্লোব পুরস্কার কোন বিভাগে প্রদান করা হয়?,শ্রেষ্ঠ পার্শ্ব অভিনেত্রী।,Public
test_0921,সুশিমা প্রণালীর বিষয়শ্রেণী কী?,সুশিমা দ্বীপ।,Public
test_0922,২০২৩ আইসিসি নারী টি২০ বিশ্বকাপ এশিয়া বাছাইপর্বের নকআউট পর্বে উত্তীর্ণ হওয়া দলগুলোর জন্য কী সুবিধা রয়েছে?,২০২৩ আইসিসি নারী টি২০ বিশ্বকাপে খেলার সুযোগ।,Private
test_0923,রামকিঙ্কর উপাধ্যায় কবে প্রয়াত হন?,২০০২ খ্রিস্টাব্দের ৯ আগস্ট।,Public
test_0924,ক্যাম্পা কোলা কী ধরনের একটি পণ্য?,পানীয়।,Public
test_0925,টাঙ্গুয়ার হাওরে কোন প্রজাতির কাছিম বিলুপ্ত হয়েছে?,"হলুদ কাছিম, কড়ি কাইট্টা ও পুরা কাইট্টা।",Public
test_0926,স্থায়িত্ব উপত্যকায় ক্ষয়ের মাধ্যমে একটি পদার্থের পরমাণু কীভাবে রুপান্তরিত হয়?,অন্য পদার্থের পরমাণুতে।,Private
test_0927,প্রিন্স সিগারেটের বিক্রি কোন মহাদেশে সীমাবদ্ধ নয়?,ইউরোপ এবং এশিয়া।,Public
test_0928,রোধের মান যদি এক হাজার কিলো ওহম এর সমান বা অতিক্রম করে তবে তাকে কিভাবে প্রকাশ করা হয়?,মেগা ওহমে।,Private
test_0929,ডেভিডফ কোম্পানির চুরুট কোথায় উত্পাদিত হয়?,ডোমিনিকান রিপাবলিক এবং হন্ডুরাস।,Private
test_0930,সাকুরা সিগারেটের কোন দিকটি অপরিবর্তিত ছিল?,প্যাক নকশা এবং মৌলিক উপাদান।,Private
test_0931,সাফ চ্যাম্পিয়নশিপের প্রথম আসর কবে অনুষ্ঠিত হয়েছে?,১৯৯৩।,Private
test_0932,জাতীয় আইসক্রিম মাস কারা উদযাপন করে?,আইসক্রিম প্রস্তুতকারী।,Private
test_0933,শিশু দিবসে ভারতে কী ধরনের অনুষ্ঠান সমগ্র দেশে অনুষ্ঠিত হয়?,শিক্ষামূলক এবং প্রেরণামূলক অনুষ্ঠান।,Public
test_0934,কোন মৌসুমে মার্কাস হ্যারিসকে তরুণদের নিয়ে গড়া ক্রিকেট অস্ট্রেলিয়া একাদশের পক্ষে খেলার জন্যে আমন্ত্রিত করা হয়?,২০১৫-১৬।,Public
test_0935,আবদুস সবুর কোথায় জন্মগ্রহণ করেন?,কুমিল্লার দাউদকান্দির বাহেরচর।,Public
test_0936,পেরিয়ালবর তিরুমলির স্তোত্রের অনুবাদকের নাম কী?,বসুধা নারায়ণ।,Private
test_0937,পশ্চিমবঙ্গ স্বাস্থ্যবিজ্ঞান বিশ্ববিদ্যালয় স্থাপনের উদ্দেশ্য কী?,স্বাস্থ্যবিজ্ঞান ও চিকিৎসাবিদ্যা শিক্ষাব্যবস্থার উন্নতি।,Public
test_0938,জাপানের বৈজ্ঞানিক গবেষণা কেন্দ্রগুলি কীভাবে পরিচালিত হয়?,জেএসপিএস-এর মাধ্যমে।,Private
test_0939,মেইপোরুল নায়নারকে কোন ভাষায় চেদীরাজ নামে পরিচিত?,কন্নড়।,Public
test_0940,ওয়ান পেং ২০২১ সালে কোন নাটকে ঝাং জাও-এর বিপরীতে অভিনয় করেন?,লাভ লাইক হোয়াইট জেড।,Public
test_0941,শ্যামপুর চিনি কল লিমিটেডে চিনি উৎপাদনের ক্ষমতা কীভাবে পরিমাপ করা হয়?,মেট্রিক টন।,Private
test_0942,মোশারেফ হোসেন শাহজাহানের রাজনৈতিক জীবনের সাথে কোন দলের সম্পর্ক ছিল?,বাংলাদেশ আওয়ামী লীগ।,Private
test_0943,রাসেল সিমন্স কোন সংস্থায় প্রধান প্রযুক্তি নির্বাহী হিসাবে দায়িত্ব পালন করেন?,"ইয়েলপ, ইনকর্পোরেটেড।",Public
test_0944,২০০৮ গ্রীষ্মকালীন অলিম্পিকে জুডো – পুরুষদের ৬৬ কেজি বিভাগের প্রতিযোগিতার প্রারম্ভিক পর্ব কখন শুরু হয়?,বেলা ১২:০০টা।,Public
test_0945,ট্যারন এগারটন কোন চলচ্চিত্রে হেঙ্ক রজার্স চরিত্রে অভিনয় করেছেন?,টেট্রিস।,Public
test_0946,কোন ব্যান্ডের অংশ হিসাবে ঋতুরাজ ভৌমিক তার সৃজনশীল যাত্রা শুরু করেন?,"""বাপ কা বেটা""।",Private
test_0947,সংস্কৃত পাঠ বিবাদর্ণবসেতু কোন অধ্যায়ে আইনজীবীদের প্রতিষ্ঠানের অস্তিত্বকে নিশ্চিত করে?,অধ্যায় ৩।,Private
test_0948,তুব্বা আবু কারব আসাদ কাবা শরীফ আচ্ছাদনের জন্য দ্বিতীয়বার কোন উপকরণ ব্যবহার করেন?,"মামিজিয়ান, পাপিরাস।",Private
test_0949,মেরোপস শ্রেণিবিভাগের ক্ষেত্রে কোন স্তরটি বিবেচনা করা হয়?,তৃতীয় এবং প্রাথমিক কাঠামোগত স্তর।,Private
test_0950,গোয়াংজু ফুটবল ক্লাবের বর্তমান অধিনায়ক কে?,আন ইয়াং-কিউ।,Public
test_0951,সুন্দরপুর ইউনিয়ন কোন উপজেলার আওতাধীন?,ফটিকছড়ি।,Private
test_0952,মনমোহন দেশাইয়ের পিতা কিকুভাই দেশাই কোন স্টুডিওর মালিক ছিলেন?,প্যারামাউন্ট স্টুডিও।,Private
test_0953,এশিয়ান পেইন্টস কোন ধরনের পুরস্কার প্রদান করে?,শারদ সম্মান।,Public
test_0954,বাংলাদেশের পঞ্চবার্ষিক পরিকল্পনার প্রধান লক্ষ্য কী?,দারিদ্র্য হ্রাস।,Public
test_0955,নাট্যশাস্ত্রে হাস্যের উৎপত্তি কীভাবে বর্ণনা করা হয়েছে?,শৃঙ্গার থেকে।,Public
test_0956,পেরুমল তিরুমলি সংকলনের প্রথম স্তোত্রটি কীভাবে উল্লেখ করা হয়েছে?,নিম্নরূপ।,Private
test_0957,রায়ান ফিলিপ কোন চলচ্চিত্রে অভিনয় করে একাডেমি পুরস্কার বিজয়ী হন?,"""ক্র্যাশ""।",Public
test_0958,টিমোথি ক্রিসি কোন পদে অধিষ্ঠিত ছিলেন?,সিনিয়র কমান্ড।,Private
test_0959,ভারতের বায়োডাইভার্সিটি হটস্পটগুলিতে কী ধরনের প্রজাতি দেখা যায়?,এনডেমিক প্রজাতি।,Private
test_0960,তুকোলা কোলা মার্কাটি কোন কোম্পানির সাথে যৌথ উদ্যোগে উত্পাদিত হয়?,নেসলে গ্রুপ।,Private
test_0961,কর্নেল উলরিচের শৈশবে তার পিতা-মাতা কীভাবে পরিবর্তন হয়েছিল?,পরস্পর আলাদা হয়ে যান।,Private
test_0962,ডিয়োগো আলভেসের মাথা বর্তমানে কোথায় রয়েছে?,লিসবন বিশ্ববিদ্যালয়ের মেডিসিন অনুষদের শারীরবৃত্তীয় থিয়েটারে।,Private
test_0963,ইলিয়াজ মিরাহোরি মসজিদের অবস্থান কী?,একটি ঐতিহাসিক মসজিদ।,Private
test_0964,"ককুদ্মি ও রেবতী যখন পৃথিবীতে ফিরে আসেন, তখন তারা কতগুলি চতুর্যুগের পরিবর্তন দেখতে পান?",২৭ চতুর্যুগ।,Public
test_0965,বড়িশা পাঠাগার স্থাপনের মূল উদ্যোক্তাদের মধ্যে কারা ছিলেন?,"ভূষণচন্দ্র বন্দ্যোপাধ্যায়, গিরীন্দ্রনাথ রায়চৌধুরী, সিদ্ধেশ্বর দত্ত, প্রসাদদাস রায়চৌধুরী, সতীশচন্দ্র মতিলাল, হরিচরণ রায়চৌধুরী, বিনোদবিহারী রায়চৌধুরী ও গুরুচরণ রায়চৌধুরী।",Public
test_0966,সুনীল চন্দ্র তিরকি কবে মন্ত্রিত্ব থেকে পদত্যাগ করেন?,২০১২ সালের সেপ্টেম্বর।,Public
test_0967,১৯৫৬ এএফসি এশিয়ান কাপ কোন দেশে অনুষ্ঠিত হয়েছিল?,হংকং।,Private
test_0968,কেনিয়ার কিপসিগিস লোকেরা কোন মানকে গুরুত্ব দেয়?,এনজিওম।,Public
test_0969,দিল্লির সদস্যরূপে ঋষভ পন্ত কোন দলের বিপক্ষে অনূর্ধ্ব-১৯ পর্যায়ের ক্রিকেট খেলায় অংশগ্রহণ করেন?,আসাম।,Public
test_0970,নীলাচল অঞ্চলটি কোন নামেও পরিচিত?,নীলাদ্রি।,Public
test_0971,কেশমন্দির স্তোত্র কবে লেখা হয়েছিল?,২৬০০ খ্রিস্টপূর্বাব্দের প্রথম দিকে।,Public
test_0972,কামনা চলচ্চিত্রটি কোন ভাষার?,বাংলা।,Private
test_0973,২০২৩ সালের অক্টোবর ও নভেম্বর মাসে পাকিস্তান জাতীয় মহিলা ক্রিকেট দল কতগুলি একদিনের আন্তর্জাতিক (ওডিআই) ম্যাচ খেলার জন্য বাংলাদেশ সফর করবে?,তিনটি।,Private
test_0974,মোহাম্মদ জামিল আহমেদ কতজন মহিলা বিচারককে মনোনীত করেছিলেন যখন তিনি ইতিহাস তৈরি করেছিলেন?,তিনজন।,Public
test_0975,আল হাইআতুল উলয়া লিল জামিআতিল কওমিয়া বাংলাদেশের কার্যক্রম কীভাবে পরিচালিত হয়?,অধীনস্থ বোর্ডের মাধ্যমে।,Public
test_0976,ফরজের শ্রেণিবিভাগের ক্ষেত্রে ফিকাহ্ এর ভূমিকা কী?,শ্রেণিবিভাগ।,Private
test_0977,ফক্সফায়ার চলচ্চিত্রের কিশোরীরা কোথায় পড়াশোনা করে?,উচ্চ বিদ্যালয়।,Public
test_0978,দ্বিতীয় বিশ্বযুদ্ধ শুরু হলে আর্নেস্ট বোর্স কোথায় যোগ দেন?,আর্মি মেডিকেল কোর।,Public
test_0979,স্থানাঙ্ক সময় লরেনৎস রূপান্তরের প্রতি কীভাবে প্রতিক্রিয়া জানায়?,পরিবর্তিত হয়।,Public
test_0980,বানৌজা শহীদ মোয়াজ্জম-এ কতগুলি প্রশিক্ষণ বিদ্যালয় রয়েছে যা বাংলাদেশ জাতীয় বিশ্ববিদ্যালয়-এর অধিভুক্ত?,তিন।,Public
test_0981,ওমর ফারুক সুমন কত সালে দ্বাদশ জাতীয় সংসদ নির্বাচনে বাংলাদেশ স্বতন্ত্র সংসদ সদস্য নির্বাচিত হয়েছিলেন?,২০২৪।,Public
test_0982,রংপুর সিটি কর্পোরেশনের কোন ওয়ার্ডটি ২৪নং ওয়ার্ড হিসেবে পরিচিত?,২৪নং ওয়ার্ড।,Public
test_0983,জ্ঞান প্রকাশ উপাধ্যায় কোন বছরে জন্মগ্রহণ করেন?,১৯৬৪।,Public
test_0984,ভিয়েতনাম কোন ধরনের রাষ্ট্র?,একদলীয় রাষ্ট্র।,Private
test_0985,রয়্যাল রাম্বল ম্যাচের বিজয়ী কে হন?,সকল কুস্তিগিরদের নিষ্কাশন করার পর অবশিষ্ট কুস্তিগির।,Public
test_0986,কোন বছরের গ্রীষ্মকালীন অলিম্পিকে ব্যাডমিন্টন - মহিলাদের একক খেলার ফলাফল লিপিবদ্ধ করা হয়েছে?,২০০৮।,Public
test_0987,হাভি গালান কোন তারিখে জন্মগ্রহণ করেন?,১৯শে নভেম্বর।,Public
test_0988,আখেন শহরের মোট জনসংখ্যা কত?,"২,৫৬,০০০।",Public
test_0989,টেলিভিশন বিজ্ঞাপন ব্যবহারের ইতিহাসে প্রথম জলখাবার প্রস্তুতকারক হওয়ার ক্ষেত্রে কোন কোম্পানি বার্ট লাহরকে তাদের মুখপাত্র হিসেবে ব্যবহার করেছে?,লেই'স।,Private
test_0990,নিউ ইয়র্ক সিটি ফুটবল ক্লাবের অধিনায়কের দায়িত্ব পালনকারী খেলোয়াড়ের নাম কী?,মাক্সিম শানো।,Private
test_0991,জিঞ্জিরা প্রাসাদ সংস্কারের উদ্যোগ কবে নেওয়া হয়?,২০১৮।,Public
test_0992,"চিনির সিরাপে বা চিনির দ্রবণে কার্বোহাইড্রেট বা শর্করা যেমন, আটা বা চালের গুঁড়া দিয়ে তৈরি খাদ্য বস্তুকে ডুবিয়ে রাখলে কীভাবে ঐ খাদ্যবস্তু দীর্ঘদিন অবিকৃত থাকে?",অসমোসিস প্রক্রিয়ায়।,Private
test_0993,মার্কো আরনাউতোভিচের কর্মজীবনের একটি উল্লেখযোগ্য দিক কী?,আন্তর্জাতিক ফুটবল খেলা।,Public
test_0994,হাইতকান্দি ইউনিয়নে মোট কতটি পরিবার রয়েছে?,"৩,৭০০।",Public
test_0995,গুরু গ্রন্থ সাহিবে ঈশ্বরের কোন বৈশিষ্ট্য শিক্ষা দেওয়া হয়েছে?,এক সর্বশক্তিমান।,Public
test_0996,নন্দেস্ক্রিপ্টস ক্রিকেট ক্লাব গ্রাউন্ডের প্রাথমিক উদ্দেশ্য কী?,ক্রিকেট ম্যাচ।,Private
test_0997,সিমলা চুক্তি ১৯৭২ এর অধীনে ভারত কীভাবে পাকিস্তানের সাথে তার সম্পর্ক পুনর্গঠন করেছিল?,বন্ধুত্ব ও সৌহার্দ্যপূর্ণ সম্পর্ক প্রতিষ্ঠা।,Public
test_0998,চিকনদণ্ডী ইউনিয়নের পশ্চিমে কী অবস্থিত?,চট্টগ্রাম সিটি কর্পোরেশনের ১নং দক্ষিণ পাহাড়তলী ওয়ার্ড।,Private
test_0999,লোক জনশক্তি পার্টির সঙ্কট ও বিভক্তির ফলাফল কী হতে পারে?,দলের পতন।,Public
test_1000,দর্শনা ইউনিয়নের কার্যক্রম কেন বর্তমানে বিলুপ্ত?,রংপুর সিটি কর্পোরেশন প্রতিষ্ঠা।,Public
test_1001,হিন্দুস্তানি দ্বারা প্রভাবিত ইংরেজির জন্য অন্য কোন চলতি জোড়কলম শব্দ রয়েছে?,"হিন্দিশ, হিন্দলিশ, হেংলিশ, হিনলিশ।",Public
test_1002,জর্জিনা বার্ডাখ কোথায় অনুষ্ঠিত ২০০৩ প্যান আমেরিকান গেমসে স্বর্ণপদক জেতেন?,স্যান্টো ডমিঙ্গো।,Private
test_1003,কেয়া পায়েল কোন সালে 'ইন্দুবালা' সিনেমায় নামভূমিকায় অভিনয় করেন?,২০১৮।,Public
test_1004,ভারেল্লা দক্ষিণ ইউনিয়নটি কোন দেশের অন্তর্গত?,বাংলাদেশ।,Public
test_1005,রাধা তার প্রভুর সাথে দেখা করতে কোন রঙের বস্ত্র পরে বেরিয়েছিলেন?,শুভ্র।,Private
test_1006,"রাজু খের কোন টেলিভিশন ধারাবাহিকে অভিনয় করেছেন যা ""তারাক মেহতা কা উল্টা চশমা"" নামেও পরিচিত?",তারাক মেহতা কা উল্টা চশমা।,Public
test_1007,নেভিল কুইন তার টেস্ট ক্রিকেটে অভিষেক কোথায় করেন?,বার্মিংহাম।,Public
test_1008,রামু রেলওয়ে স্টেশনের রেললাইন বর্ধিতকরণের প্রকল্প কোন প্রকল্পের আওতায় করা হচ্ছে?,ট্রান্স-এশিয়ান রেলওয়ে প্রকল্প।,Private
test_1009,তিউনিসিয়া স্বাধীনতা লাভের পর কীভাবে পরিণত হয়?,একটি ইসলামী প্রজাতন্ত্রে।,Public
test_1010,করদোবার রোমান সেতুর সংস্কারের সময় সেতুর দক্ষিণে কোন মিনারটি তৈরি করা হয়?,কালাওরা মিনার।,Private
test_1011,আডিডাস ট্যাঙ্গো ১২ বলটিতে কতগুলি দ্বিমাত্রিক প্যানেল ব্যবহার করা হয়েছে?,বত্রিশটি।,Public
test_1012,"বিশ্বের মুসলমান জনসংখ্যার কত শতাংশ ইন্দোনেশিয়া, পাকিস্তান, ভারত, বাংলাদেশ, ইরান এবং তুরস্কে বাস করে?",৫৩%।,Public
test_1013,জাফরন মশলা কোন উদ্দেশ্যে ব্যবহার করা হয়?,খাবারের স্বাদ এবং রঙের জন্য।,Public
test_1014,অ্যামেরিকান গ্যাংস্টার সিনেমাটির পরিচালক কে?,রিডলি স্কট।,Private
test_1015,প্রিয়া রমনের প্রথম চলচ্চিত্রটি কোন বছরে মুক্তি পেয়েছিল?,১৯৯৩।,Public
test_1016,সুধীর চন্দ্র দাস ১৯৭৭ সালের পশ্চিমবঙ্গ বিধানসভা নির্বাচনে কত শতাংশ ভোট পেয়েছিলেন?,১০.২৬%।,Private
test_1017,কৈলাস বা কৈলাশ শব্দটি কী বোঝাতে পারে?,দ্ব্যর্থতা নিরসন।,Public
test_1018,খয়রা-লেজ চুটকি পাখি শীতকালে কোন দেশেও আসে?,বাংলাদেশ।,Public
test_1019,সুনীল শাস্ত্রী কোন দলের সাবেক সাধারণ সম্পাদক ছিলেন?,ভারতীয় জনতা পার্টি।,Public
test_1020,জুনায়েদ সিদ্দিকী কোন দলের বিপক্ষে অর্ধ-শতক করেন ২০১০ সালে?,ভারত।,Private
test_1021,ক্ষারীয় দ্রবণ অ্যালডোজ এবং কিটোসের আন্তঃরূপান্তরকে কীভাবে প্রভাবিত করে?,ত্বরান্বিত করে।,Public
test_1022,বাহাই বিশ্বাসের সূচনা কোথায় হয়েছিল?,ইরান।,Private
test_1023,শীতল দেবী ২০২২ এশিয়ান প্যারা গেমসে কোন ইভেন্টে রৌপ্য পদক জিতেছিলেন?,মহিলাদের ডাবল যৌগিক ধনুষ।,Public
test_1024,ক্রিয়েটিভ কমন্সের সিইও পদে রায়ান মার্কলেকে নিয়োগ করা হয়েছিল কত সালে?,২০১৪।,Public
test_1025,উইলিয়াম রক্সবার্গের কাজগুলি কোন নামে প্রকাশিত হয়?,Plants of the Coast of Coromandel।,Public
test_1026,অনুক্রম স্পেসগুলি সাধারণত কী কাঠামো দিয়ে সজ্জিত থাকে?,"একটি আদর্শ, বা অন্তত একটি টপোলজিক্যাল ভেক্টর স্পেসের কাঠামো।",Public
test_1027,এশিয়া আর্ট আর্কাইভ কোন সালে নীলিমা শেখের সংগ্রহ থেকে একটি প্রদর্শনীর আয়োজন করেছে?,২০১৮।,Public
test_1028,কোন ফ্র্যাঞ্চাইজিটির মালিকানা আরপি-সঞ্জীব গোয়েঙ্কা গ্রুপের?,ডারবান'স সুপার জায়ান্টস।,Public
test_1029,ইলায়নকুডি মারানারের বাড়ি এবং মাঠকে কীভাবে পূজিত করা হয়?,মুলাই ভারি আমুধু আলিথা নটরঙ্গল।,Public
test_1030,কুষ্টিয়া সরকারি মহিলা কলেজে উচ্চ মাধ্যমিক স্তরে শিক্ষা গ্রহণের জন্য কোন বিষয়গুলো উপলব্ধ?,"বিজ্ঞান, মানবিক ও ব্যবসায় শিক্ষা।",Public
test_1031,রেণুকা সিং কখন অস্ট্রেলিয়ার বিরুদ্ধে ওডিআই সিরিজ খেলতে ভারতীয় মহিলা ক্রিকেট দলের হয়ে প্রথম ডাক পান?,২০২১ সালের আগস্ট মাসে।,Private
test_1032,হায়দ্রাবাদ ফুটবল দলের সেরা ফুটবলারদের মধ্যে কারা ছিল?,"সাঈদ খাজা আজিজ-উদ-দ্বীন, মুহাম্মদ নূর, অ্যান্থনি প্যাট্রিক এবং সৈয়দ শহীদ হাকিম।",Public
test_1033,দিল্লি–আলোয়ার আঞ্চলিক দ্রুতগামী গণপরিবহন ব্যবস্থার প্রথম পর্যায়ে কতগুলি উত্তোলিত স্টেশন নির্মিত হবে?,১১।,Public
test_1034,মাইজপাড়া মঠের উচ্চতা কত ফুট?,১২০ ফুট।,Private
test_1035,কোন সংস্থা কর্তৃক মোহাম্মদ হাবিবুল আলমকে ৩৩৪তম ব্রোঞ্জ উলফ পুরস্কার প্রদান করা হয়?,বিশ্ব স্কাউট কমিটি।,Public
test_1036,"দেব সাহিত্য কুটীর কৌশিক সিরিজের কতগুলি কমিক্স ""গোয়েন্দা কৌশিক"" নামে একটি সংকলনে অন্তর্ভুক্ত করা হয়েছিল?",দশ।,Public
test_1037,আফ্রিকার কালো সাবান তৈরির জন্য মিশ্রণটি কতক্ষণ হাতে নাড়তে হয়?,কমপক্ষে ২৪ ঘন্টা।,Private
test_1038,রুস্তমীয় রাজবংশের সাথে যুদ্ধরত আগলবিডদের বিরুদ্ধে কোন উপজাতি বিদ্রোহ শুরু করেছিল?,ইবাদি উপজাতি।,Private
test_1039,এরিক আবিদাল কোন ম্যাচে ঘরোয়া জয়ের জন্য শেষ ২০ মিনিটের জন্য হেরার্দ পিকেকে প্রতিস্থাপন করে অফিসিয়াল খেলায় ফিরে আসেন?,রিয়াল ক্লাব দেপোর্তিভো মায়োর্কা।,Public
test_1040,অ্যালুমিনিয়ামের প্রতীক কী এবং এর পারমাণবিক সংখ্যা কত?,Al এবং ১৩।,Public
test_1041,বাংলাদেশের কোন অঞ্চলে যাত্রাগান বিশেষ করে খুব বেশি প্রচলিত ও জনপ্রিয়?,হাওর অঞ্চল।,Private
test_1042,লোগুলের আয়োডিন দিয়ে দাগের আগে বা পরে নেইসেরিয়া সিনেরিয়া বিচ্ছিন্ন করতে ব্যবহৃত মিডিয়ার রঙে কি পরিবর্তন হয়?,কোন পরিবর্তন ঘটে না।,Private
test_1043,সমিতিরহাট ইউনিয়নের নামকরণের পেছনে কোন ঘটনাটি অনুপ্রেরণা হিসেবে কাজ করেছে?,একটি সম্মিলিত সমিতি গঠন এবং একটি বাজার বসানো।,Public
test_1044,কমিউনিজম সাধারণত কীভাবে সোভিয়েত অর্থনৈতিক মডেলের সঙ্গে যুক্ত হয়ে পড়ে?,সোভিয়েত ইউনিয়নের আবির্ভাবের ফলে।,Public
test_1045,রায়ান ক্লাইন কোন দলের হয়ে খেলেন?,নেদারল্যান্ডস জাতীয় ক্রিকেট দল।,Public
test_1046,২০২৪ কোপা আমেরিকা টুর্নামেন্টের কোন গ্রুপটি &lt;section begin=সি৩ /&gt;&lt;section end=সি৩ /&gt; দ্বারা চিহ্নিত?,গ্রুপ সি।,Public
test_1047,বেনজির ভুট্টোর শাসনামলে আসিফ আলি জারদারি কোন মন্ত্রণালয়ের দায়িত্ব পালন করেন?,পরিবেশ বিষয়ক মন্ত্রণালয়।,Public
test_1048,পেদ্রো পুয়েন্তে কোন দুটি গ্রীষ্মকালীন অলিম্পিকে প্রতিদ্বন্দ্বিতা করেছিলেন?,১৯৬০ এবং ১৯৬৪।,Public
test_1049,"পূর্ব পাকিস্তান সরকার কবে ""পূর্ব পাকিস্তান অভ্যন্তরীণ নৌ পরিবহন কর্তৃপক্ষ"" হিসেবে একটি সংস্থা প্রতিষ্ঠা করেছিল?",১৯৫৮ সালে।,Public
test_1050,কোন দেশের প্রথম দুই নারীর মধ্যে একজন ছিলেন আনা জেনার যিনি মেডিকেল ডিগ্রি অর্জন করেছিলেন?,পুয়ের্তো রিকো।,Public
test_1051,জন লগি বেয়ার্ড কখন ব্রিটিশ সরকারের একটি কমিটিকে জানিয়েছিলেন যে এই সম্পূর্ণ ইলেকট্রনিক ডিভাইসটি আরও উন্নত করা হবে?,১৯৪৪ সালের প্রথম দিকে।,Private
test_1052,শ্রাবণ পুত্রদা একাদশীতে রাজদম্পতির ইচ্ছা কীভাবে পূরণ হয়?,একটি সুদর্শন পুত্র জন্মগ্রহণ করে।,Private
test_1053,থিওডোর ফ্রিডম্যান কোন বিশ্ববিদ্যালয় থেকে ১৯৯৫ সালে এমএ ডিগ্রি লাভ করেন?,অক্সফোর্ড বিশ্ববিদ্যালয়।,Public
test_1054,গিলবার্ট গ্রেপ কোথায় কাজ করে?,একটি মুদির দোকানে।,Private
test_1055,"গবেষকরা কীভাবে তাদের প্রকাশনা দ্রুত প্রকাশ পেতে পারেন, প্রাথমিক পর্যালোচনা পেতে?",অল্প পরিমাণ অর্থ প্রদান করে।,Public
test_1056,"গার্লস স্কোয়াড ওয়েব ধারাবাহিকে কতজন তরুণীর জীবনের ভালোবাসা, জীবন, অনুপ্রেরণা, বন্ধুত্ব এবং বোঝাপড়ার জটিলতাগুলোকে তুলে ধরা হয়?",ছয়জন।,Public
test_1057,সমতা ক্রান্তি দল ২০১৪ সালের ওড়িশা বিধানসভা নির্বাচনে কোন আসনে জয়লাভ করে?,বীরমিত্রপুর।,Public
test_1058,এডিথ হেলেন পল কত সালে পদ্মশ্রী পুরস্কারে ভূষিত হন?,১৯৬৭।,Public
test_1059,রাজামেহার ইউনিয়নে যাওয়ার জন্য কোন যানবাহন ব্যবহার করা হয়?,সিএনজি / ইজি বাইক।,Private
test_1060,হাসান বেক মসজিদের সমগ্র এলাকা কবে উল্লেখযোগ্যভাবে প্রসারিত হয়?,১৯৮০-এর দশকে।,Public
test_1061,ক্যানোনিকাল লিমিটেড কার অর্থায়নে প্রতিষ্ঠিত হয়েছে?,মার্ক শাটলওয়ার্থ।,Public
test_1062,সুইশার সুইটস কোন ধরনের পণ্য তৈরি করে?,চুরুট।,Public
test_1063,রিদম এ্যান্ড ব্লুজ সঙ্গীত ধারার বিকাশে কোন সঙ্গীত ধারাগুলোর ভূমিকা রয়েছে?,"জ্যাজ সঙ্গীত, ব্লুজ।",Public
test_1064,গুগল ওয়ার্কপ্লেস মার্কেটপ্লেসে কী ধরনের অ্যাপ পাওয়া যায়?,বিনামূল্যে এবং অর্থ প্রদানের বিভিন্ন অ্যাপ।,Public
test_1065,চৌধুরী পারভেজ এলাহী কবে থেকে কবে পাঞ্জাবের প্রাদেশিক পরিষদের সদস্য ছিলেন?,আগস্ট ২০১৮ থেকে জানুয়ারী ২০২৩।,Private
test_1066,বোতাম ফুলের রং কী উপাদান দ্বারা নির্ধারিত হয়?,বিটাকায়ানিন।,Private
test_1067,চীনের বাইরে তাই-কাদাই ভাষাসমূহকে কীভাবে স্বীকৃতি দেওয়া হয়?,একটি স্বাধীন ভাষা পরিবার।,Public
test_1068,সাইফুদ্দিন বিলবে কার অধীনে ড্রামসের আমির হন?,জাকমাক।,Private
test_1069,হাজী বেকতাশ ওয়ালী কোন সালতানাতে বিকাশ লাভ করেছিলেন?,রুম সালতানাত।,Public
test_1070,রাউতারা জমিদার বাড়িতে বর্তমানে কী ধরনের উদ্ভিদ জন্মেছে?,গাছগাচালি ও লতাপাতা।,Public
test_1071,দাদরা ও নগর হাভেলি এবং দমন ও দিউ ফুটবল দল কখন একত্রিত হয়ে খেলতে শুরু করে?,পরে।,Private
test_1072,মালদ্বীপ শ্রমিক ও সামাজিক গণতন্ত্রী দলটি কতজন সদস্য নিয়ে নিবন্ধনের জন্য প্রয়োজনীয় থ্রেশহোল্ডে পৌঁছাতে ব্যর্থ হয়েছিল?,"৩,০০০।",Public
test_1073,বাজিতপুর থানা কত সালে প্রতিষ্ঠিত হয়?,১৮৩৫।,Public
test_1074,সঙ্গীত বাংলা চ্যানেলটি কী ধরনের গান সম্প্রচার করে?,"বাংলা আধুনিক, ব্যান্ড ও ফিল্মিগান।",Private
test_1075,কোন দল থেকে মাল্য এবং স্বামী জনতা পার্টি পুনর্গঠনের জন্য ত্যাগ করেন?,সর্বভারতীয় প্রগতিশীল জনতা দল।,Public
test_1076,ফসফোডাইএস্টার বন্ধনের আর্দ্র বিশ্লেষণ কীভাবে ঘটে?,উৎসেচক এবং রাসায়নিকভাবে।,Public
test_1077,নীলোৎপল বসু কোন রাজনৈতিক দলের সদস্য হিসেবে রাজ্যসভায় পশ্চিমবঙ্গের প্রতিনিধিত্ব করেছেন?,ভারতের কমিউনিস্ট পার্টির।,Private
test_1078,বড় গুইসাপ বা রামগাদির বৈজ্ঞানিক নাম কী?,Varanus salvator।,Private
test_1079,নুপুর স্যানন কোন মিউজিক ভিডিওতে উপস্থিত হয়ে তার কর্মজীবন শুরু করেন?,ফিলহাল এবং ফিলহাল ২: মহব্বত।,Public
test_1080,উরকিরচর ইউনিয়নে সাক্ষরতার হার কত?,৬৭.৫৯%।,Private
test_1081,ডেটাবেজের সংগঠন কীভাবে ফোইবেলে করা হয়?,ডেটাবেজ মডেল।,Public
test_1082,লবঙ্গ লতিকা তৈরি করার সময় কোন উপাদানটি স্বাদ এবং গন্ধ যোগ করে?,"এলাচ, লবঙ্গ।",Public
test_1083,অর্ধনারী চলচ্চিত্রটি কোন বিষয়ের উপর ভিত্তি করে তৈরি?,হিজরার ছদ্মবেশ।,Public
test_1084,ইউরোনিমোস ব্যান্ডের বেইজ গিটারিস্ট কে ছুরি দিয়ে কুপিয়ে খুন করেন?,ভার্গ ভিকারণিস।,Public
test_1085,কোতোয়াল সাব কোন ব্যক্তির দায়িত্বে ছিল?,হৃষিকেশ মুখার্জি।,Public
test_1086,ধর্মীয় বিচ্ছিন্নতা কীভাবে ঘটে থাকে?,একটি সামাজিক ঘটনা হিসাবে।,Public
test_1087,নন্দনার কীভাবে নতুন শুদ্ধ রূপে আবির্ভূত হয়েছিলেন?,পবিত্র অগ্নিতে প্রবেশ করে।,Private
test_1088,ঢাকা ওয়ারিয়র্স দলের কোচ হিসেবে বলবিন্দার সান্ধুর পটভূমি কী?,প্রাক্তন বোলার।,Private
test_1089,রাজেশ কুমার গ্রোভারকে কোন পুরস্কার দিয়ে সম্মানিত করা হয়েছে?,পদ্মশ্রী পুরস্কার।,Public
test_1090,জোসে কার্লোস নাতারিও ফেরেইরা কোন অবস্থানে খেলেন?,ডান পার্শ্বীয় রক্ষণভাগ।,Public
test_1091,ক্রোমিয়াম(II) ব্রোমাইড তৈরি করার জন্য কোন পদার্থের সঙ্গে ক্রোমিয়াম ধাতুর গুঁড়োর বিক্রিয়া করা হয়?,গাঢ় হাইড্রোব্রোমিক অ্যাসিড।,Public
test_1092,অনুপম মিত্তল কোন টিভি অনুষ্ঠানে একজন বিচারক ও বিনিয়োগকারী হিসেবে কাজ করেন?,শার্ক ট্যাঙ্ক ইন্ডিয়া।,Private
test_1093,"দেবীর প্রকৃতি ও স্বরূপ উদ্ঘাটনের পাশাপাশি ""দেবীভাগবত"" রচনার অন্য উদ্দেশ্য কী?",একাধিক পুরুষ দেবতার উপর দেবীর প্রাধান্য স্থাপন।,Public
test_1094,আরদেশির ইরানি কোন ধরনের ব্যবসার মালিক ছিলেন?,"চলচ্চিত্র থিয়েটার, গ্রামোফোন এজেন্সি এবং কার বা গাড়ির এজেন্সি।",Private
test_1095,সাহেরখালী ইউনিয়নের কোন বৈশিষ্ট্য সম্পর্কে তথ্য পাওয়া যায়?,ধর্মীয় উপাসনালয়।,Public
test_1096,ফিলোমেলা কোন পাখিতে রূপান্তরিত হয়?,বুলবুলি পাখি।,Public
test_1097,হেনরি সিলভেস্টার কর্নওয়েলের মৃত্যুর তাৎক্ষণিক কারণ কী ছিল?,পেটে আলসার।,Public
test_1098,ঢাকা রেসিং এর পরে কোন গেমটি তৈরি করা হয়েছিল?,বাংলাদেশ ৭১।,Public
test_1099,আবদুল মোতালেব নামের ব্যক্তিদের তালিকা কোথায় পাওয়া যাবে?,নিম্নে।,Public
test_1100,হোসে রাউল কাপাব্লাঙ্কা কোন দেশের দাবাড়ু ছিলেন?,কিউবা।,Private
test_1101,সিকিম ফুটবল দল কোন সংস্থার অধীনে সন্তোষ ট্রফিতে প্রতিদ্বন্দ্বিতা করে?,সিকিম ফুটবল অ্যাসোসিয়েশন।,Private
test_1102,কাজী শাহেদ আহমেদ কবে ইউনিভার্সিটি অফ লিবারেল আর্টস বাংলাদেশ প্রতিষ্ঠা করেন?,২০০২ সালে।,Public
test_1103,ইন-ভাইট্রো ফার্টিলাইজেশন সম্পর্কিত গবেষণার জন্য রবার্ট এডওয়ার্ড কোন সালে চিকিৎসাবিজ্ঞানে নোবেল পুরস্কার অর্জন করেন?,২০১০।,Private
test_1104,সিনেমাটির ট্রেলার প্রকাশের বছর কী?,২০২৪।,Private
test_1105,মৌখিক পুনরুদন মিশ্রণ এবং মৌখিক পুনরুদন লবণ উৎপাদনের পদ্ধতি কোন দুটি সংস্থা সম্মিলিতভাবে উদ্ভাবন করেছে?,ডব্লিউ.এইচ.ও এবং ইউনিসেফ।,Private
test_1106,শিল্প ইশতেহার কোন সময়কালে প্রণীত হয়?,১৯৪৬-৫৯।,Public
test_1107,সৈয়দা রিজওয়ানা হাসানের কয়টি সন্তান আছে?,তিন।,Private
test_1108,অদ্বৈত বেদান্তে মায়ার বৈশিষ্ট্য হিসেবে কীকে চিহ্নিত করা হয়?,আবরণ।,Private
test_1109,সালাহুদ্দিন হাজ্জি কার কাছে জিম্মি হয়ে পড়েন?,সাইফুদ্দিন বারকুক।,Private
test_1110,ডব্লিউজিএ স্ক্রিনরাইটটিং ক্রেডিট সিস্টেম অনুসারে টেকিং লাইভস চলচ্চিত্রের চলচ্চিত্ররূপ লেখার কৃতিত্ব কার?,জন বোকেনক্যাম্প।,Private
test_1111,নাহিদ রানা কোন দলের হয়ে খেলেন?,বাংলাদেশ জাতীয় ক্রিকেট দল।,Public
test_1112,ডিগাম্মা বা স্টিগমা বর্ণমালার কোন অবস্থানে মূলত ছিল?,ষষ্ঠ।,Private
test_1113,কেমব্রিজ সিগারেট চালু করার সময় ফিলিপ মরিসের কর্মকাণ্ড কী ছিল?,সিগারেট চালু করা।,Private
test_1114,ওসমান বকর কোথায় গণিত বিষয়ে পড়াশোনা করেন?,লন্ডন বিশ্ববিদ্যালয়।,Private
test_1115,দারুল হাদিস মদিনাতুল উলুম খরিলহাট মাদ্রাসা কোন জায়গায় অবস্থিত?,সিলেট।,Public
test_1116,আব্দুর রেজ্জাক মণ্ডল কত সাল থেকে কত সাল পর্যন্ত বিধানসভায় বিধায়ক হিসেবে দায়িত্ব পালন করেছেন?,২০১১-২০২১।,Private
test_1117,মাইনী নদী কোথায় প্রবাহিত হচ্ছে?,কবাখালী ইউনিয়নের মধ্য দিয়ে।,Public
test_1118,মানুষের লৈঙ্গিক পার্থক্যের ক্ষেত্রে কী ধরনের পার্থক্যগুলো বিতর্কিত?,কিছু লৈঙ্গিক পার্থক্য।,Private
test_1119,২০১৯ সালের প্রতিবেদন অনুসারে তেলেঙ্গানার সাক্ষরতার হার কত?,৭২.৮%।,Private
test_1120,ভারত-পাকিস্তান যুদ্ধ ১৯৬৫ সময়কালে ভারতীয় বিমানবাহিনীর ৪৫ নং স্কোয়াড্রনের অংশগ্রহণের প্রেক্ষাপটে কোন দেশের সাথে সংঘর্ষ হয়েছিল?,ভারত।,Private
test_1121,দৈনিক আওয়াম পত্রিকাটি কখন প্রথম প্রকাশিত হয়েছিল?,১৯৯৪।,Private
test_1122,ডাভোস শহরে কোন আইস হকি প্রতিযোগিতা অনুষ্ঠিত হয়?,ষ্পেঙলার কাপ।,Private
test_1123,আর. মনিমারান কোন বিধানসভা কেন্দ্রের প্রতিনিধিত্ব করেছেন?,তিরুপ্পুর।,Public
test_1124,সরোজ কান্তি গুহ ও অন্যান্য বিপ্লবীরা ম্যাজিস্ট্রেট দুর্নোর আক্রমণের পর কোথা থেকে অদৃশ্য হয়ে যান?,ঘটনাস্থল।,Private
test_1125,ফ্যালোপিয়ান নালি কোথা থেকে শুরু হয়ে কোথায় শেষ হয়?,ডিম্বাশয় থেকে জরায়ুতে।,Public
test_1126,হোনিয়ারায় প্রায় কতজন লোকের বাস?,৮৪ হাজার।,Public
test_1127,হার্ড রক স্টেডিয়ামে কোন বছর ফিফা বিশ্বকাপের ম্যাচ আয়োজন করা হবে?,২০২৬।,Public
test_1128,শক্তিবর্ধক কোন উদ্দেশ্যে ব্যবহার করা হয়?,ঔষধের কার্যকারিতা বা শক্তি বৃদ্ধি।,Private
test_1129,মোহাম্মদ ফয়সাল কোন জেলার আওয়ামী লীগের কার্যকরী কমিটির সদস্য হিসেবে দায়িত্ব পালন করছেন?,মুন্সীগঞ্জ।,Private
test_1130,বেইজিং–শিউং'আন আন্তঃনগর রেলপথ কোন দুটি শহরকে সংযুক্ত করে?,বেইজিং এবং শিউং'আন।,Private
test_1131,কালিদাস রায় কলকাতা বিশ্ববিদ্যালয় থেকে কোন স্বর্ণপদক পেয়েছেন?,জগত্তারিণী স্বর্ণপদক।,Public
test_1132,বাহরাইন ওয়ার্ল্ড ট্রেড সেন্টারের যমজ বিল্ডিংয়ের প্রয়োজনীয় বিদ্যুতের কত শতাংশ বিল্ডিংয়ে স্থাপিত বায়ুবিদ্যুৎ কেন্দ্র থেকে উৎপাদিত হবে?,১১-১৫%।,Private
test_1133,পাকিস্তান প্রতিষ্ঠার পর মাহে নও পত্রিকাটি কোন উদ্দেশ্যে নিয়োজিত ছিল?,পাকিস্তানি ভাবধারা এবং উভয় অংশের মধ্যে ঐক্য ও সংহতি রক্ষায়।,Public
test_1134,চিপকো আন্দোলন কোন বছরে কর্ণাটক রাজ্যে অ্যাপিকো আন্দোলনকে অনুপ্রাণিত করেছিল?,১৯৮৩।,Private
test_1135,পারুয়া ইউনিয়নের উত্তরে কোন ইউনিয়ন অবস্থিত?,রাজানগর ইউনিয়ন।,Public
test_1136,টিম সুং-এর মতো খেলোয়াড়রা কত বছর বসবাসের পরে চীন জাতীয় দলের হয়ে খেলার যোগ্য হয়ে উঠেছে?,৩ বছর।,Private
test_1137,শিব কালিক্কামা নায়নার পরিবারকে কীভাবে আশীর্বাদ করেছিলেন?,তার ঐশ্বরিক রূপ প্রকাশ করে।,Private
test_1138,কেনেডি ওতিয়েনোর ভাইদের নাম কী?,কলিন্স ওবুয়া এবং ডেভিড ওবুয়া।,Public
test_1139,রাধাপদ রায় কোন ধরনের গান ও কবিতা লিখেছেন?,আঞ্চলিক ভাষায়।,Public
test_1140,শ্যারন বার্ড 2004 সালের সাধারণ নির্বাচনে কার বিরুদ্ধে প্রতিদ্বন্দ্বিতা করেন?,কানিংহাম।,Public
test_1141,"ঘর্ষণ সংবেদনশীলতা কীভাবে সংজ্ঞায়িত করা হয়, বিস্ফোরক বা বিস্ফোরক দ্রব্যের প্রেক্ষাপটে?",ঘর্ষণের পরিমাণ যা বিস্ফোরণ ঘটায়।,Public
test_1142,মোশে গিল কোন দেশের একজন ইতিহাসবিদ ছিলেন?,ইসরায়েল।,Public
test_1143,ব্রাহ্মণপাড়া থানা কোন থানা থেকে আলাদা হয়ে প্রশাসনিক থানায় রূপ লাভ করেছিল?,বুড়িচং থানা।,Private
test_1144,এক্সট্রিম মেটালের ক্ষেত্রে প্রাথমিক উপধারা গঠনের প্রক্রিয়া কীভাবে ঘটে?,ইতিহাস অনুসারে।,Public
test_1145,দিয়া বসু কোন ভাষার টেলিভিশন সিরিয়ালে কাজ করেন?,বাংলা।,Private
test_1146,"সাঈদ আহমদ কোন দশকে ইংরেজি ভাষায় ""দি থিং"" শীর্ষক নাটক রচনার মাধ্যমে বাংলা নাটকে ইউরোপীয় প্রতীকীবাদী অসম্ভবের নাট্যধারা প্রবর্তন করেন?",ষাটের দশক।,Public
test_1147,কাদিরি শহরটি কোন ধরনের ফুলের জন্য পরিচিত?,জুঁই এবং জাফরান।,Public
test_1148,জৈন মন্দিরগুলিতে কাদের ভিতরে প্রবেশের অনুমতি দেওয়া হয়?,উপযুক্তভাবে স্নান করা এবং শুদ্ধ জৈনদের।,Public
test_1149,উইলিয়াম ওয়ালেস সেঙ্গার কোথায় প্রথম আবাসিক চিকিৎসক হন?,ব্ল্যাকওয়েলস দ্বীপ।,Private
test_1150,পাণ্ডু রাজার ঢিবির কৃষি ও পশুপালন কার্যকলাপের সাথে কী সম্পর্কিত?,অর্থনৈতিক কার্যকলাপ।,Public
test_1151,জানা স্নাইডার কোন ইভেন্টে মদিনা ওয়ার্দা আউলিয়ার কাছে পরাজিত হন?,মহিলা দাবা বিশ্বকাপ ২০২১।,Private
test_1152,নৌকরি চলচ্চিত্রে অভিনয় করেছিলেন এমন দুইজন অভিনেতার নাম কী?,রাজেশ খান্না এবং রাজ কাপুর।,Public
test_1153,অনুত্তমা ব্যানার্জি কোন রাজ্যের একজন বাঙালি?,পশ্চিমবঙ্গ।,Private
test_1154,কালীপদ আইচ কোন বাহিনীর সৈনিক ছিলেন?,চতুর্থ মাদ্রাজ উপকূল বাহিনী।,Private
test_1155,আল-বুরাক মসজিদটি কোথায় অবস্থিত?,পশ্চিম প্রাচীর প্লাজার দক্ষিণ প্রান্তে।,Public
test_1156,কানা প্রত্নক্ষেত্রে আদিম মানুষের বসবাস ছিল বলে কারা দাবি করেন?,প্রত্নতাত্ত্বিকরা।,Public
test_1157,৫৬তম ফিল্মফেয়ার পুরস্কারে শ্রেষ্ঠ পার্শ্ব অভিনেত্রী বিভাগে কারিনা কাপুর কোন চলচ্চিত্রে অভিনয়ের জন্য পুরস্কৃত হন?,উই আর ফ্যামিলি।,Public
test_1158,হিমাচল প্রদেশ ফুটবল দল কীভাবে ফুটবলের বৃদ্ধির জন্য কাজ করছে?,তরুণ প্রতিভাকে চিহ্নিত করা এবং লালন-পালনের লক্ষ্যে উদ্যোগ বাস্তবায়ন করে।,Public
test_1159,আতা উল হক কাসমি কতগুলি বই রচনা করেছেন?,প্রায় বিশটি।,Private
test_1160,লা ফ্লোর ডমিনিকানা কোম্পানিটি বর্তমানে কোথায় তার কারখানা পরিচালনা করছে?,ডোমিনিকান প্রজাতন্ত্রে।,Public
test_1161,তাবুকের যুদ্ধের সময় মুসলমানরা যে শহরে ভীতি অনুভব করে তা কোনটি?,মদীনা।,Public
test_1162,ক্লাব দেপোর্তিভো তেনেরিফে ক্লাবটি তাদের সকল হোম ম্যাচ কোন স্টেডিয়ামে আয়োজন করে থাকে?,এলিওদোরো রোদ্রিগেস লোপেস স্টেডিয়াম।,Public
test_1163,মানব সোনেজি কোন চলচ্চিত্রে ভিকি চরিত্রে অভিনয় করেছেন?,গুজরাট ১১।,Public
test_1164,রুক্মিণী বসন্ত কোন ক্ষেত্রে তার প্রারম্ভিক ও কর্মজীবন শুরু করেন?,নৃত্য।,Public
test_1165,রাশিয়ান নৌবাহিনীর সক্ষমতা বৃদ্ধির জন্য পরিকল্পনা কবে ঘোষণা করা হয়?,আগস্ট ২০১৪।,Private
test_1166,অতীশচন্দ্র সিংহ কোন মন্ত্রণালয়ের মন্ত্রী ছিলেন?,ক্ষুদ্র ও কুটির শিল্প মন্ত্রী।,Public
test_1167,সিরিল রেডক্লিফ কোন দেশের একজন আইনজীবী এবং আইন লর্ড ছিলেন?,ব্রিটিশ।,Public
test_1168,আশআরিবাদ বা আশআরি ধর্মতত্ত্ব কোন শতাব্দীতে প্রতিষ্ঠিত হয়?,৯ম-১০শ শতাব্দী।,Public
test_1169,জোয়ার-বাজরা-রাগির বিভিন্ন প্রজাতিগুলি কোন উপপরিবার বা উপজাতির অন্তর্ভুক্ত হতে পারে?,বিভিন্ন উপজাতি বা উপপরিবার।,Public
test_1170,টুম্ব রেইডার ভিডিও গেম ধারাবাহিকের প্রথম ছয়টি ভিডিও গেম কোন কোম্পানি ডেভেলপ করে?,কোর ডিজাইন।,Private
test_1171,অলিভার গোল্ডস্মিথ কীভাবে শ্বরের অস্তিত্ব ও পরিপূর্ণতাকে স্বীকার করতেন?,আনন্দের সাথে।,Public
test_1172,পরেশ রাম দাস কোন রাজনৈতিক দলের সদস্য?,অল ইন্ডিয়া তৃণমূল কংগ্রেস।,Public
test_1173,পশ্চিম ভারত ফুটবল অ্যাসোসিয়েশন কোন জাতীয় সংস্থার সাথে অনুমোদিত?,অল ইন্ডিয়া ফুটবল ফেডারেশন।,Private
test_1174,ইনছন ইউনাইটেড কোন দলের বিপক্ষে ইনছন ফুটবল স্টেডিয়ামে প্রথম খেলাটি খেলেছিল?,সুওন স্যামসাং ব্লুউইংস।,Public
test_1175,হোস্টিংগার কোম্পানির সদর দপ্তর কোন দেশে অবস্থিত?,লিথুয়ানিয়া।,Private
test_1176,ঘূর্ণিঝড় ফরেস্ট নখোন সি থামারাট প্রদেশে কতগুলি বাড়ি ক্ষতিগ্রস্ত হয়?,"১,৭০০।",Public
test_1177,কিলার্স অব দ্য ফ্লাওয়ার মুন চলচ্চিত্রটি কে পরিচালনা করেছেন?,মার্টিন স্কোরসেজি।,Public
test_1178,রিয়াল সল্ট লেক ঘরোয়া ফুটবলে কতটি শিরোপা জয়লাভ করেছে?,১টি।,Private
test_1179,বানৌজা সুরমা কার কাছ থেকে উপহার হিসেবে প্রদান করা হয়েছিল?,ভারতীয় নৌবাহিনী।,Public
test_1180,পঞ্চ প্রিয়গণ কোন ধরনের বিষয়ে মতামত ও বক্তব্য উপস্থাপন করে থাকে?,স্থানীয় ও আন্তর্জাতিক।,Private
test_1181,সিজিএস পটুয়াখালী জাহাজের স্থানচ্যুতি কত?,৬৯ টন।,Public
test_1182,পল্লবী দে কোন ধারাবাহিক দিয়ে তার কর্মজীবন শুরু করেন?,রেশম ঝাঁপি।,Private
test_1183,"কলিয়ারের নতুন বিশ্বকোষ ""ইউনিভার্সিটি এনসাইক্লোপিডিয়া অফ টুয়েন্টিথ সেঞ্চুরি নলেজ"" কত সালে প্রকাশিত হয়েছিল?",১৯০২।,Public
test_1184,স্পেনীয় ফুটবল লিগ পদ্ধতিতে পুরুষদের ফুটবল লিগের পিরামিডের শীর্ষ দুই স্তর কীভাবে পরিচালিত হয়?,লিগা ন্যাসিওনাল ডি ফুটবল প্রফেশনাল দ্বারা।,Public
test_1185,২০২৩ ক্রিকেট বিশ্বকাপের ব্যাটিং পরিসংখ্যান কীভাবে খেলোয়াড়দের পারফরম্যান্স মূল্যায়নে সাহায্য করে?,খেলোয়াড়দের রান সংখ্যা এবং গড়।,Private
test_1186,লাভ ইজ অল দেয়ার ইজ চলচ্চিত্রের পরিচালকদ্বয় কীভাবে জড়িত ছিলেন?,নিজেরাই অভিনয়শিল্পী।,Public
test_1187,ইসমাইল হাক্কী বুরসেভীর প্রকাশিত গ্রন্থের বৈশিষ্ট্য কী?,উল্লেখ নেই।,Public
test_1188,গৃহদেবতা বিশ্বাস কোথায় সাধারণ ছিল?,বিশ্বব্যাপি পৌত্তলিকতার পাশাপাশি লোককাহিনীতে।,Public
test_1189,সেইচি তোবাতা কোন বছর অর্ডার অফ কালচার পুরস্কার পান?,১৯৮০।,Private
test_1190,নরসিংহ মল্ল দেব কোন অঞ্চলের সাথে সম্পর্কিত ছিলেন?,ঝাড়গ্রাম।,Public
test_1191,শাকিরা ও তার দল কবে চূড়ান্ত খেলার পূর্বে ওয়াকা ওয়াকা গান পরিবেশন করে?,"১১ জুলাই, ২০১০।",Private
test_1192,অটল টিভি ধারাবাহিকটি কোন চ্যানেলে সম্প্রচারের ঘোষণা দেওয়া হয়েছে?,অ্যান্ডটিভি।,Public
test_1193,দিমিতা ফ্রেজিয়ার কী ধরনের ব্যক্তি?,কৃষ্ণাঙ্গ নারীবাদী।,Public
test_1194,শায়েন পাট্টিনামার জন্ম কোন তারিখে হয়?,11 আগস্ট 1998।,Public
test_1195,পৌষ পুত্রদা একাদশী কোন অঞ্চলে বেশি জনপ্রিয়?,উত্তর ভারত।,Public
test_1196,কার পুত্রকে লক্ষ্মণ কুমার যুদ্ধে হত্যা করেন?,শিখণ্ডী।,Public
test_1197,লোনা মাটিতে কী পরিমাণে কম থাকে যা উদ্ভিদের জন্য সমস্যা সৃষ্টি করে?,অক্সিজেন।,Public
test_1198,২২তম বিশ্ব স্কাউট জাম্বুরি কোন দেশে অনুষ্ঠিত হয়েছিল?,সুইডেন।,Public
test_1199,কমল মোরারকা কোন সরকারের প্রাক্তন ক্যাবিনেট মন্ত্রী ছিলেন?,চন্দ্র শেখরের নেতৃত্বাধীন কেন্দ্রীয় সরকার।,Private
test_1200,গাঁদা গাছের বৃদ্ধির সাথে সাথে কীভাবে ওষুধ ও সার দেয়ার পরিমাণ পরিবর্তন করতে হবে?,বাড়াতে হবে।,Public
test_1201,"রবীন্দ্রনাথ ঠাকুরের কবিতা সম্পর্কিত সমালোচনা গ্রন্থ ""রবীন্দ্র কবিতা কানন"" কে লিখেছেন?",সূর্যকান্ত ত্রিপাঠি ‘নিরালা’।,Private
test_1202,ইয়ুমনা জায়েদি কোন পুরস্কার পেয়েছেন?,লাক্স স্টাইল পুরস্কার এবং হাম পুরস্কার।,Public
test_1203,গোপাল ভট্ট গোস্বামীর সমাধি কোথায় অবস্থিত?,রাধারমণ মন্দির কমপ্লেক্স।,Public
test_1204,সদ্গুরু সদাফল দেও জি মহারাজের সবচেয়ে উল্লেখযোগ্য আধ্যাত্মিক গ্রন্থটি কী?,স্বর্বেদ।,Public
test_1205,দারফুর অঞ্চলে চরম মানবিক বিপর্যয়ের সূচনা কবে থেকে হয়?,২০০৩ সাল।,Public
test_1206,জলীয় বাষ্প কী?,পানির বায়বীয় রূপ।,Private
test_1207,আল্ট্রা ব্রাইট টুথপেস্টের বিজ্ঞাপন প্রচারের লক্ষ্য কোন গোষ্ঠীকে ছিল?,বেবি বুমার্স।,Public
test_1208,ছোট এলাচের কোন বৈশিষ্ট্য রয়েছে যা এটিকে একটি উপকারী উদ্ভিদ হিসেবে তৈরি করে?,অনুভূতি নাশক ও অস্থিরতাকে প্রশমিত করে।,Public
test_1209,টর্পেডো ছোড়ার জন্য ব্যবহৃত সিলিন্ডার আকৃতির ডিভাইসটি কী নামে পরিচিত?,টর্পেডো টিউব।,Public
test_1210,খামির কোন ধরনের পরিবেশে বিকাশ করে?,তরল পরিবেশে এবং অ্যানেরোবিক অবস্থায়।,Public
test_1211,গৌতম দেবের পিতা কত সাল থেকে কত সাল পর্যন্ত কলকাতা হাইকোর্টে একজন আইনজীবী এবং কেন্দ্রীয় সরকারের স্থায়ী কাউন্সেল ছিলেন?,১৯৭১ থেকে ১৯৮৮।,Public
test_1212,মিকেলের কোন উপপাদ্যটি পাঁচটি বৃত্তের চারটি ত্রিগুণ বিন্দুর সাথে সম্পর্কিত?,ছয় বৃত্ত উপপাদ্য।,Public
test_1213,ডেটা গুণমান নিশ্চিত করার জন্য কীভাবে প্রক্রিয়া প্রোফাইলিং তথ্য ব্যবহার করা হয়?,তথ্য অসঙ্গতি এবং ব্যতিক্রমসমূহ আবিষ্কার।,Public
test_1214,রেড কোলা তৈরি করে এমন কোন কোম্পানির একটি উদাহরণ কী?,ডানস ফুড অ্যান্ড ড্রিংকস লিমিটেড।,Public
test_1215,আল জামিয়াতুল ইসলামিয়া দড়াটানার বৈশিষ্ট্য কী?,ঐতিহ্যবাহী।,Private
test_1216,এএফসি এশিয়ান কাপ ১৯৯২-এর নকআউট পর্বে কোন দল চ্যাম্পিয়ন হয়?,জাপান।,Public
test_1217,স্মার্ট সিটি ঘোষণার সাথে সম্পর্কিত দেশ কোনটি?,ভারত।,Private
test_1218,লোথার কালিনোস্কি কোন ক্ষেত্রে অবদান রেখেছিলেন?,মানসিক ব্যাধি।,Public
test_1219,যিমাদ আযদি কোন সময়ে মক্কায় আগমন করেন?,মুহাম্মাদের নবুয়তের প্রথমদিকে।,Private
test_1220,ফিফা সভাপতি হিসাবে সেপ ব্লাটারের কতবার পুনর্নির্বাচনের প্রতিবাদে ডেভিড গিল তার ভূমিকা থেকে পদত্যাগ করার হুমকি দেন?,পঞ্চম।,Public
test_1221,টেলিগ্রাফ মিডিয়া গ্রুপ কীভাবে কাজ করে?,একটি মাল্টিমিডিয়া নিউজ কোম্পানি হিসেবে।,Private
test_1222,এলি উইজেলের বাড়িতে কোন ভাষাগুলো ব্যবহার করা হত?,"ইদ্দিশ, জার্মান, হাঙ্গেরিয়ান এবং রোমানিয়ান।",Public
test_1223,উত্তর শিকাগো সাহিত্য পুরস্কারের আগে কোন পুরস্কার প্রদান করা হয়?,শঙ্খচিল সাহিত্য পুরস্কার।,Private
test_1224,ওয়ার অব দ্য কলোসাল বিস্ট ছবিটির গল্প কে লিখেছেন?,বার্ট আই. গর্ডন।,Public
test_1225,অ্যানি পটস কোন চলচ্চিত্রে উপস্থিত হয়ে জিনি পুরস্কার জিতেন?,হার্টএকিস।,Public
test_1226,মহাপ্রভু কোথায় সন্ন্যাস গ্রহণ করেন এবং পরে কোথায় আসেন?,জগন্নাথ পুরীতে।,Private
test_1227,জাপানে কী ধরনের জাঙ্গিয়া বিক্রি হয়?,নারীদের ব্যবহৃত জাঙ্গিয়া।,Private
test_1228,ব্লুজ রক সঙ্গীতের একটি বৈশিষ্ট্য কী যা একে ব্লুজ থেকে আলাদা করে?,দ্রুত লয়ের টেম্পো।,Public
test_1229,কামতাপুর প্রগতিশীল দল কোন সালের নির্বাচনে অংশগ্রহণ করে?,২০০৯।,Private
test_1230,মকবুল আহমেদ কতটি টি-টোয়েন্টি ম্যাচ খেলেছেন?,২।,Private
test_1231,নিউক্লীয় বিভাজন বিক্রিয়ার ফলে কী ধরনের রশ্মি নির্গত হয়?,গামা রশ্মি।,Private
test_1232,"পিপ্পলাদ সিবির পুত্র সত্যকাম কোন স্তোত্রের দ্বারা ""ব্রহ্মলোকে"" উন্নীত হয়েছেন?","""সাম"" স্তোত্র।",Private
test_1233,সূরা নূহ নাযিলের সময় রসূলুল্লাহ সাল্লাল্লাহু আলাইহি ওয়া সাল্লামের কী কাজ চলছিল?,দাওয়াত ও তাবলীগ।,Public
test_1234,উইন তুন কোন সালে মিয়ানমার জাতীয় দাবা চ্যাম্পিয়নশিপ জিতেছেন?,২০১২।,Public
test_1235,অপটিক্যাল লাইন টার্মিনেশন (OLT) কোন ধরনের নেটওয়ার্কের শেষ পয়েন্ট হিসেবে কাজ করে?,প্যাসিভ অপটিক্যাল নেটওয়ার্ক।,Private
test_1236,বিয়ের পর রম্য সুব্রমণিয়ন কী করার ইচ্ছা প্রকাশ করেছেন?,মিডিয়া এবং চলচ্চিত্রে কাজ কমিয়ে দেওয়া।,Public
test_1237,ক্ষমা চলচ্চিত্রের পরিচালক কে?,মালেক আফসারী।,Public
test_1238,শেখ রাসেল দিবস কবে থেকে প্রতি বছর বাংলাদেশে পালিত হয়?,২০২১ সাল।,Public
test_1239,দাভিদে ফ্রাত্তেসি কোন ক্লাব এবং দেশের হয়ে মধ্যমাঠের খেলোয়াড় হিসেবে খেলেন?,ইন্টার মিলান এবং ইতালি।,Private
test_1240,বানৌটা রূপসা জাহাজে কতগুলি শ্যাফট রয়েছে?,২টি।,Public
test_1241,নিকোলাস রোরিচ কোন ক্ষেত্রে আগ্রহী ছিলেন?,হিপ্নোসিস এবং অন্যান্য আধ্যাত্মিক অনুশীলন।,Public
test_1242,কিয়ারা নাইটলি কোন অভিনেত্রীর পরে হলিউডের দ্বিতীয় সর্বোচ্চ উপার্জনকৃত অভিনেত্রী হিসেবে ঘোষিত হয়েছেন?,ক্যামেরন ডায়াজ।,Private
test_1243,আল দেইরা হোটেলের দেয়ালগুলি কী দিয়ে নির্মিত?,রোদে শুকনো গাঢ় বাদামী রঙের মাটির ইট।,Public
test_1244,বড়িশা কলকাতা শহরের কেন্দ্র এস্প্লেনেড থেকে কত কিলোমিটার দক্ষিণ-পশ্চিমে অবস্থিত?,১০ কিলোমিটার।,Public
test_1245,জিগারঠান্ডা ডবলএক্স চলচ্চিত্রটির ডিজিটাল স্ট্রিমিং অধিকার কোন প্ল্যাটফর্ম দ্বারা অধিগ্রহণ করা হয়?,নেটফ্লিক্স।,Public
test_1246,শেখ চাঁদ কোন কাব্যগ্রন্থ লিখে প্রচুর জনপ্রিয় হয়েছিলেন?,রসুল বিজয়।,Public
test_1247,এনসাইক্লোপিডিয়া ব্রিটানিকা ইনক কী ধরনের কোম্পানি?,বিশ্বকোষ প্রকাশক।,Public
test_1248,"ন্যায় ধারায় ""অভাব"" কীভাবে স্বীকৃত?",একটি বাস্তবতা হিসাবে।,Public
test_1249,বেবধর্ম কোন সময়ে পার্সিয়ায় শুরু হয়েছিল?,১৯শ শতাব্দীর মাঝামাঝি।,Private
test_1250,আবু মনসুর আল-বাগদাদি কোন দুটি সংখ্যাকে অস্পৃশ্য হিসেবে দেখিয়েছিলেন?,২ এবং ৫।,Public
test_1251,বাংলাদেশের জন্য পাশের দেশসমূহে কতগুলি রাষ্ট্রের অনুমোদিত মিশন রয়েছে?,৩৫।,Public
test_1252,গ্রিফিথের পরীক্ষায় মৃত ইঁদুরটির হৃৎপিন্ড থেকে কী পাওয়া গিয়েছিল?,জীবিত সংক্রামক S-III ব্যাকটেরিয়া।,Public
test_1253,কেন্দ্রশাসিত অঞ্চল ক্রিকেট অ্যাসোসিয়েশন কবে ভারতীয় ক্রিকেট বোর্ডের সাথে অধিভুক্ত হয়েছে?,আগস্ট ২০১৯।,Private
test_1254,নির্বাচনী ইশতেহারের উদ্দেশ্য কী?,নির্বাচনে জয়ী হওয়ার চেষ্টা করা।,Public
test_1255,রাফহান মার্কাটি কোন সংস্থা দ্বারা প্রতিষ্ঠিত হয়?,সিপিসি ইন্টারন্যাশনাল।,Public
test_1256,হাউমেয়া শব্দটি কী বোঝাতে পারে?,নিচের যেকোনটিকে।,Public
test_1257,অজিত সিং কোন সরকারের খাদ্য প্রক্রিয়াকরণ শিল্প মন্ত্রকের দায়িত্বে ছিলেন?,পিভি নরসিমা রাও-এর নেতৃত্বাধীন সরকার।,Public
test_1258,মালদ্বীপের অ্যাটর্নি জেনারেল পদটি কবে চালু করা হয়েছিল?,১৯৩২।,Public
test_1259,ডঃ বিদ্যানিবাস মিশ্রের মৃত্যু কবে ঘটে?,১৪ ফেব্রুয়ারি ২০০৫।,Public
test_1260,রয়্যাল আর্মড ফোর্সেস ফুটবল ক্লাব কত মৌসুমে প্রথমবারের মতো মরক্কোর পেশাদার ফুটবলের শীর্ষ স্তর বুতুলাহে অংশগ্রহণ করতে সক্ষম হয়েছিল?,১৯৫৯–৬০।,Private
test_1261,জাতীয় বার্ন ও প্লাস্টিক সার্জারি ইনস্টিটিউটের প্রধান কাজ কী?,বার্ন ও প্লাস্টিক সার্জারি পরিষেবা প্রদান।,Public
test_1262,স্বাধীনতা-শ্রেণীর কর্ভেট জাহাজগুলো কোন কাজে ব্যবহার করা হয়?,"সামুদ্রিক ও উপকূলীয় অঞ্চলে অবৈধ অনুপ্রবেশ, চোরাচালান রোধ, জলদস্যুতা দমন, সমুদ্রে উদ্ধার অভিযান।",Public
test_1263,মাইক পিঙ্কারটন কোন ব্রাউজারে তার কাজের জন্য পরিচিত?,মোজিলা ব্রাউজার।,Public
test_1264,বাংলার বধূ চলচ্চিত্রের গানগুলিতে কণ্ঠ দিয়েছেন এমন একজন পুরুষ শিল্পী কে?,অ্যান্ড্রু কিশোর।,Public
test_1265,উদয়ন এবং বাসবদত্তার প্রতিকৃতি দেখে কে তাকে চিনতে পারে?,পদ্মাবতী।,Public
test_1266,কোরীয় সংঘাতের সময় সিউল শহরটি কতবার হাত পরিবর্তন হয়েছে?,চারবার।,Private
test_1267,সড়কঘড়ির অবস্থান কোথায়?,মার্কিন যুক্তরাষ্ট্র।,Public
test_1268,"ত্রিপুরা বিধানসভা নির্বাচন, ১৯৬৭-এ ভারতীয় জাতীয় কংগ্রেসের নেতৃত্ব কে দিয়েছেন?",শচীন্দ্র লাল সিং।,Public
test_1269,মণিপুর ন্যাশনাল কনফারেন্স কোন সংগঠনের সাথে একীভূত হয়?,আরজেডি।,Public
test_1270,কাউনপোর অবরোধের সময় গ্যারিসন এবং তাদের পরিবারকে কোথায় নিরাপদে নৌকায় করে নিয়ে যাওয়ার সিদ্ধান্ত নেওয়া হয়েছিল?,এলাহাবাদ।,Public
test_1271,"পাঁচমুড়ায় বাংলার বৃন্দাবন, ত্রিধারা মিলন মন্দির গড়ে তোলার সময় কোন মাসের কোন তারিখে ছিল?",পয়লা জুলাই।,Public
test_1272,গোয়া ফুটবল অ্যাসোসিয়েশনের কাজের মধ্যে কী অন্তর্ভুক্ত?,"লীগ, কাপ এবং অন্যান্য প্রতিযোগিতা আয়োজন।",Private
test_1273,লিঙ্গ-নির্বাচনমূলক গর্ভপাতকে ঘিরে সক্রিয়তার দুটি উদ্দেশ্য কী?,লিঙ্গ নির্ধারণের পরীক্ষার বিরুদ্ধে একটি আইন পাস করা এবং বিষয়টি সম্পর্কে সচেতনতা তৈরি করা।,Public
test_1274,বেলিণ্ডা জনসনের স্বামী ব্রেন্ট জনসনের পেশা কী?,লেখক এবং প্রাক্তন আইনজীবী।,Private
test_1275,মাইকেল লাউড্রপ কোন ক্লাবের হয়ে পরপর চারটি লা লিগা শিরোপা জয় করেন?,বার্সেলোনা।,Private
test_1276,কেক্রপ্স ২য় ও মেতিয়াদুসার কতটি সন্তান ছিল?,একটি।,Public
test_1277,কোত দিভোয়ারে বহুবিবাহের অনুশীলনের জন্য সর্বোচ্চ কারাদণ্ড কত?,তিন বছর।,Public
test_1278,জর্ডানীয় প্রো লিগে দলগুলি কীভাবে র্যাঙ্ক করা হয়?,"মোট পয়েন্ট, গোল পার্থক্য, গোল করা।",Public
test_1279,ধোপাপাড়া গ্রামটি কোন উপজেলার অন্তর্গত?,পুঠিয়া উপজেলা।,Private
test_1280,হিবা আবু নাদা কোন সালে আরব সৃজনশীলতার জন্য শারজাহ পুরস্কারে দ্বিতীয় স্থান অর্জন করেন?,২০১৭।,Private
test_1281,দ্বারকা নদ কোন রাজ্যের সাঁওতাল পরগনা বিভাগে উৎপন্ন হয়?,ঝাড়খণ্ড।,Private
test_1282,"রণবীর কাপুর কত সাল থেকে ""ফোর্বস ইন্ডিয়ার"" সেলিব্রিটি ১০০ তালিকায় স্থান পেয়েছেন?",২০১২।,Public
test_1283,কোন শতকে মানবসৃষ্ট আইন শরিয়া আকারে ঐশ্বরিক আইনের অধীনস্থ বলে বিবেচিত হয়?,২০ ও ২১ শতক।,Public
test_1284,চন্দ্রবিন্দু চিহ্নটির দেখতে কেমন?,অর্ধচন্দ্র আকারের ওপর বিন্দুর ন্যায়।,Public
test_1285,জনশ্রুতি অনুযায়ী কোন রাজার রাজত্ব প্রায় দুই হাজার বছর আগে প্রচন্ড এক ভূমিকম্পে মাটির নিচে সম্পূর্ণ তলিয়ে যায়?,আকা।,Public
test_1286,পীরগাছা থানা কোন উপজেলার প্রশাসনিক কার্যক্রমের সাথে সম্পর্কিত?,পীরগাছা উপজেলা।,Public
test_1287,খ্রিস্টধর্মে ত্যাগের ঐতিহ্য কী?,শয়তানকে ত্যাগ করা।,Public
test_1288,পার্বত্য চট্টগ্রামের আদিবাসী জাতিগোষ্ঠীর ধর্মীয় বিশ্বাস কী?,"বৌদ্ধ, হিন্দু, খ্রিস্টান।",Public
test_1289,ভেনজেন্স ২০০৩ অনুষ্ঠানটি কবে অনুষ্ঠিত হয়েছিল?,"২৭শে জুলাই, ২০০৩।",Public
test_1290,লুক নোসেক কোন কোম্পানির প্রথম প্রাতিষ্ঠানিক বিনিয়োগকারী ছিলেন?,স্পেসএক্স।,Private
test_1291,সেলেনিয়াম ডাইব্রোমাইড যৌগটির প্রকৃতি কী?,অজৈব।,Public
test_1292,প্যারোডনট্যাক্স কী ধরনের পণ্যের জন্য পরিচিত?,টুথপেস্ট এবং মাউথওয়াশ।,Public
test_1293,ত্রেতাযুগের প্রারম্ভে বিষ্ণুর দশ অবতারের মধ্যে কোন অবতারটি অসুর রাজা হিরণ্যকশিপুকে হত্যা করেছিলেন?,নৃসিংহ।,Private
test_1294,ছিপাতলী ইউনিয়নে কোন ধরনের কার্যকলাপ সম্পন্ন হয়?,ধর্মীয় উপাসনা।,Public
test_1295,"পৃথ্বীরাজ সুকুমারন কোন ফেস্টিভ্যালে ""মিস্টার এলএ ফেস্ট"" খেতাব জিতেছেন?","লয়োলা স্কুল, তিরুবনন্তপুরম দ্বারা আয়োজিত বার্ষিক আন্ত-স্কুল আর্ট ফেস্টিভ্যাল।",Public
test_1296,অভিমানের মানসিক অবস্থা কীভাবে অভিজ্ঞতাকে ব্যাখ্যা করে?,"অভিজ্ঞতাকে ""আমার"" হিসেবে ব্যাখ্যা করে।",Private
test_1297,ডোরা কাল কেউটে সাপ কোন কোন দেশে পাওয়া যায়?,"ভারত, নেপাল, ভুটান, মায়ানমার, চীন, থাইল্যান্ড, সিঙ্গাপুর, কম্বোডিয়া, লাওস, ম্যাকাও, ভিয়েতনাম, মালয়েশিয়া, ইন্দোনেশিয়া এবং ব্রুনেই।",Public
test_1298,দুর্যোধন আইহোল কত বছরে প্রথমবারের মতো কর্ণাটক বিধানসভা নির্বাচনে অংশগ্রহণ করেছিলেন?,২০১৩।,Public
test_1299,টমাস বটোমোর কোন দেশের সমাজবিজ্ঞানী ছিলেন?,ব্রিটিশ।,Private
test_1300,"ভক্তিবাদ কীভাবে ঈশ্বরপ্রেমকে গুরুত্ব দেয়, প্রথা ও আচার-অনুষ্ঠানের তুলনায়?",প্রথা ও আচার-অনুষ্ঠানের ঊর্ধ্বে।,Private
test_1301,ওড়িশা জন মোর্চা দলের নেতৃত্ব কে দেন?,প্যারিমোহন মহাপাত্র।,Public
test_1302,শিব শক্তি টিভি ধারাবাহিকের সেট ডিজাইন সম্পূর্ণ করতে কত সময় লেগেছে?,২-৩ মাস।,Public
test_1303,খৈয়াছড়া ইউনিয়নের উত্তরে কোন এলাকাগুলো অবস্থিত?,মীরসরাই ইউনিয়ন ও মীরসরাই পৌরসভা।,Private
test_1304,পূর্ব হিমালয়ের উপআলপাইন কনিফার বনের জন্য কী প্রয়োজন?,সংরক্ষণ।,Public
test_1305,হাফ শার্টকে অন্য কোন নামে অভিহিত করা হয়?,হাফ শ্লিভ শার্ট বা খাটো হাতার শার্ট।,Public
test_1306,ব্রাঞ্জেলিনা কীভাবে পরিচিত?,অ্যাঞ্জেলিনা জোলির ডাকনাম।,Public
test_1307,বিশ্বাস পদবি কী উল্লেখ করতে পারে?,পারিবারিক নাম।,Public
test_1308,এস. এম. সিরিল কবে থেকে লরেটো ডে স্কুল শিয়ালদহের অধ্যক্ষ ছিলেন?,১৯৭৯।,Public
test_1309,আন্তোনিও বান্দেরাস কত সাল থেকে কত সাল পর্যন্ত সাফল্য লাভ করেন?,১৯৯১-১৯৯৪।,Public
test_1310,"১৫নং ওয়ার্ড, রংপুর সিটি কর্পোরেশন কোন জাতীয় সংসদের নির্বাচনী এলাকার অংশ?",রংপুর-৩।,Public
test_1311,ধীরে বহে মেঘনা চলচ্চিত্রের গানের সঙ্গীত পরিচালনা করেছেন কে?,সত্য সাহা।,Public
test_1312,প্রসেনজিৎ চট্টোপাধ্যায় কোন ছবিতে প্রথম নায়ক হিসাবে তার আত্মপ্রকাশ ঘটে?,দুটি পাতা।,Public
test_1313,সুব্রত মৈত্র ২০২১ সালের পশ্চিমবঙ্গ বিধানসভা নির্বাচনে কাকে পরাজিত করেছিলেন?,নরু গোপাল মুখার্জি।,Private
test_1314,২১ জানুয়ারী ২০২৩ সালের মধ্যে মালদ্বীপে সবচেয়ে বেশি পর্যটক কোন দেশ থেকে এসেছে?,রাশিয়া।,Public
test_1315,আন্দ্রি কোবচিকের সঙ্গীর নাম কী?,ভ্লাদিস্লাভ বব্রিশেভ।,Public
test_1316,তাজা পীর মসজিদের মিনারগুলো কী দিয়ে সজ্জিত?,সবুজ এবং নীল রঙের টাইলস।,Public
test_1317,"ওজাকি বাংলাদেশের কোন সম্প্রদায়কে ""জনসংখ্যায় টার্গেটিং"" করার আহ্বান জানিয়েছেন?",হিন্দু সংখ্যালঘু।,Public
test_1318,দিয়া কুমারী কোন সরকারের সেভ দ্য গার্ল চাইল্ডের ব্র্যান্ড অ্যাম্বাসেডর হিসাবে নিযুক্ত হন?,রাজস্থান সরকার।,Public
test_1319,হেরাক্লিসের স্তম্ভ কোন গ্রিক পৌরাণিক কাহিনী অনুসারে চিহ্নিত করা হয়?,হেরাক্লিসের দশম শ্রম।,Public
test_1320,শৈলেন মান্না কোন পুরস্কারে ভুষিত হন ২০১১ সালে?,বঙ্গবিভূষণ।,Public
test_1321,ইকতিয়ার চৌধুরীর পুত্রদের পেশা কী?,প্রকৌশলী।,Private
test_1322,শহীদ সাবেরের নাম কোথায় স্মৃতিফলকে লাগানো আছে?,জাতীয় প্রেস ক্লাব এবং পিআইবি।,Public
test_1323,পি. নাগালিঙ্গম কোন রাজনৈতিক দলের সাথে যুক্ত ছিলেন?,দ্রাবিড় মুনেত্র কড়গম।,Public
test_1324,টোকিওর বিশেষ ওয়ার্ডগুলি কী?,জাপানের ওয়ার্ড।,Private
test_1325,করিম ফুয়াদ কোন তারিখে জন্মগ্রহণ করেন?,১লা অক্টোবর।,Public
test_1326,ট্যাব ক্লিয়ার কত সময় ধরে বাজারে ছিল?,১৯৯২-১৯৯৪।,Public
test_1327,ডুম মেটাল সঙ্গীতের গানের কথাগুলি কেমন হয়?,নিরাশাবাদী ধরনের।,Public
test_1328,টোলকাপ্পিয়ার কে ছিলেন?,আগাত্তিয়ারের বারোজন শিষ্যদের একজন।,Public
test_1329,শিব শক্তি পয়েন্টের নামটি কোন হিন্দু দেবতার নাম থেকে নেওয়া হয়েছে?,শিব।,Public
test_1330,শ্রীরাম সিংয়ের জাতীয় রেকর্ড কে ভেঙেছে?,জিনসন জনসন।,Public
test_1331,মেজর জেনারেল আমির চাঁদ কবে ইন্ডিয়ান মেডিকেল অ্যাসোসিয়েশনের সভাপতি নির্বাচিত হন?,১৯৪৮।,Public
test_1332,গুরু তেগ বাহাদুরের মৃত্যুদন্ড ও দাহের স্থানদুটি কোন গুরুদুয়ারা নির্দেশ করে?,গুরুদুয়ারা সিস গঞ্জ সাহিব এবং গুরুদুয়ারা রাকাব গঞ্জ সাহিব।,Public
test_1333,বাচ্চা কচ্ছপরা কত দিন পর্যন্ত ভ্রণথলে থেকে পুষ্টি সরবরাহ পায়?,৩ থেকে ৭ দিন।,Public
test_1334,অভয়মুদ্রা কোন ধর্মের মূর্তিগুলোর মধ্যে উল্লেখযোগ্য সংখ্যায় চিত্রিত হয়?,"হিন্দু, বৌদ্ধ, জৈন এবং শিখ।",Public
test_1335,ফ্রিডরিখ আউগুস্ট কেকুলে কোন ক্ষেত্রে বিশেষভাবে পরিচিত ছিলেন?,তাত্ত্বিক রসায়ন।,Public
test_1336,কোন বিচারক মো. মাহমুদ হাসান তালুকদারের সাথে মিলে ১৪ জেলার প্রাথমিক বিদ্যালয়ের শিক্ষক নিয়োগ স্থগিত করেছিলেন?,বিচারপতি শেখ হাসান আরিফ।,Private
test_1337,রসুলপুর ইউনিয়নের পশ্চিমে কোন উপজেলার ইউনিয়ন অবস্থিত?,মুরাদনগর উপজেলা।,Private
test_1338,বাদবাগ্নি কার একটি রূপ?,বিষ্ণু।,Public
test_1339,অনাদি কী নয়?,কোন পণ্য নয়।,Private
test_1340,সংবেদী স্মৃতি কী?,স্মৃতি।,Public
test_1341,আর্তুরো ফুয়েন্তে মার্কাটির মালিকানা কার কাছে হস্তান্তর হয়?,কার্লোস ফুয়েন্তে সিনিয়র।,Private
test_1342,ফ্রান্সে বহুবিবাহের অভিযোগের কারণে স্বরাষ্ট্রমন্ত্রী ব্রিস হর্তেফেক্স কার নাগরিকত্ব প্রত্যাহার করতে চেয়েছিলেন?,লাইস হেব্বাদজ।,Private
test_1343,গ্রিক পুরাণে তের্প্সিকোরে কীসের মিউজ ছিলেন?,বৃন্দগীতি ও নৃত্য।,Private
test_1344,মহাকাশ অভিযানের কালপঞ্জিতে কোন ধরনের তথ্য বিশেষভাবে উল্লেখিত হয়েছে?,"মহাকাশে বিভিন্ন অর্জন এবং কোন কিছুর গৌরব অর্জনকারী প্রথম ব্যক্তি, জাতি বা নভোযানগুলোর ক্থা।",Public
test_1345,বর্তমানে রাজমাতা শব্দটি কাদের জন্য ব্যবহৃত হয়?,ভারতের রাজপরিবারের প্রধান।,Private
test_1346,"প্রাচীন গ্রিক কবি হেসিয়ডের মতে, অ্যাটলাস কোথায় দণ্ডায়মান আছেন?",পৃথিবীর সর্বপশ্চিমে বা হেসপেরিডিসে।,Private
test_1347,মোহাম্মদ আতিকুর রহমানের জন্ম কোন তারিখে হয়েছিল?,১ সেপ্টেম্বর ১৯৩১।,Public
test_1348,কনিমেক্স মার্কাটি কোন কোম্পানির মালিকানাধীন?,ইউনিলিভার।,Public
test_1349,চৌধুরী মোহন জাটুয়া কোন বিশ্ববিদ্যালয় থেকে বাণিজ্যে স্নাতকোত্তর ডিগ্রি অর্জন করেন?,কলকাতা বিশ্ববিদ্যালয়।,Public
test_1350,এনএক্সটি ইউরোপ ব্র্যান্ডটি কবে পুনরায় চালু হওয়ার কথা ছিল?,২০২৩ সাল।,Public
test_1351,অপারেশন স্প্রিং শিল্ড চলাকালীন সিরিয়ান এয়ার ফোর্সের কোন বিমানটি তুর্কি F-16 দ্বারা গুলি করে ভূপাতিত করা হয়েছিল?,Aero L-39 Albatros।,Public
test_1352,জিয়ারত শরীফ মাদ্রাসাটি কোন শহরে অবস্থিত?,কাকরালা।,Public
test_1353,টুমোরো বাই টুগেদার ব্যান্ডের সদস্যদের সংখ্যা কত?,পাঁচ।,Private
test_1354,অধ্যাপক বঙ্কিম দাস বন্দোপাধ্যায় কোন কলেজে গণিতের শিক্ষক ছিলেন?,প্রেসিডেন্সি কলেজ।,Public
test_1355,কাবার্ডিয়ানদের বিরুদ্ধে রাশিয়ানদের সামরিক অভিযানের নেতৃত্ব দেওয়া রাশিয়ান জেনারেলের নাম কী?,আলেক্সি পেট্রোভিচ ইয়ারমোলভ।,Public
test_1356,ভ্রাংগেল দ্বীপের সর্বোচ্চ শৃঙ্গের নাম কী?,সোভেতস্কায়া পর্বত।,Public
test_1357,বালি নিশ্চিন্দা চিত্তরঞ্জন বিদ্যালয়ে কোন শ্রেণি থেকে কোন শ্রেণি পর্যন্ত পড়ানো হয়?,পঞ্চম শ্রেণি থেকে দ্বাদশ শ্রেণি।,Private
test_1358,দুর্গাচরণ ব্যানার্জী কোন বছরে জন্মগ্রহণ করেন?,১৮৯৮।,Public
test_1359,আভা বা শক্তিক্ষেত্র সম্পর্কে কোন বিশ্বাস অনুসারে এটি বিবেচিত হয়?,আধ্যাত্মিক বিশ্বাস।,Public
test_1360,এফি কাপসালিস এবং সারা স্নাইডার কোন ধরনের পুরস্কার অর্জন করেছিলেন?,বিশিষ্ট পরিষেবা পুরস্কার।,Private
test_1361,মার্কো আহতিসারি কোন বিশ্ববিদ্যালয়ে পড়াশোনা করেন?,কলম্বিয়া বিশ্ববিদ্যালয়।,Public
test_1362,মিমু ম্যাক্সি মার্কার প্রতিষ্ঠাতারা কোন সালে একজন মুসলিম ফ্যাশন ব্লগারের সাথে অর্থোডক্স সম্প্রদায়ের মধ্যে কিছু বিতর্ক সৃষ্টি করেছিল?,২০১৪।,Public
test_1363,কুয়েন্‌কা শহরের একটি উল্লেখযোগ্য দর্শনীয় স্থান কী?,কুয়েন্‌কা মহাগির্জা।,Public
test_1364,মালদ্বীপ থার্ড ওয়ে ডেমোক্র্যাটস: এমটিডি দলের প্রথম স্বাক্ষরকারী কে?,আহমেদ আদিব আবদুল গফুর।,Public
test_1365,ওরাকল ডেটাবেজের অন্য কোন নামে পরিচিত?,"ওরাকল ডিবিএমএস, ওরাকল অটোনোমাস ডেটাবেজ, বা শুধুমাত্র ওরাকল।",Public
test_1366,অ্যাবর্শন আণ্ডার অ্যাপার্থেইড বইটি কোন পুরস্কারের জন্য সংক্ষিপ্ত তালিকাভুক্ত হয়েছিল যা একটি অ-কানাডীয় বিষয়ে সেরা পণ্ডিত বইয়ের জন্য দেওয়া হয়?,২০১৬ সালের ওয়ালেস ফার্গুসন পুরস্কার।,Public
test_1367,১৯৯০ এর দুর্ভিক্ষের সময় দক্ষিণ হোয়াংঘে প্রদেশ কেমন ছিল?,ততটা আঘাতপ্রাপ্ত হয়নি।,Public
test_1368,রোজালেক্স কোন কোম্পানির একটি মার্কা ছিল?,রোজালেক্স লিমিটেড।,Public
test_1369,ফ্ল্যাশবট কী ধরনের বিষয়বস্তু কভার করে?,অপেশাদার পর্নোগ্রাফি ব্লগ এবং থাম্বনেইল গ্যালারি পোস্ট থেকে শুরু করে জনপ্রিয় সংস্কৃতি এবং বিজ্ঞাপনে যৌনতা সম্পর্কে খবর।,Private
test_1370,মে আই কাম ইন ম্যাডাম?,মৌসুম ২।,Public
test_1371,মুয়াইয়্যাদ শিহাবুদ্দিন আহমাদ কায়রোতে ফিরে যাওয়ার পর কোথায় ফিরে আসেন?,আলেকজান্দ্রিয়া।,Public
test_1372,শাহজাহান তার স্থপতি ও তত্ত্বাবধায়কদের সাথে কত প্রায়শই বৈঠক করতেন?,প্রতিদিন।,Public
test_1373,গ্রেগরীয় পঞ্জিকা অনুযায়ী ২০১২ বছরটি কোন শতাব্দীর ১২তম বছর?,২১শ শতাব্দী।,Public
test_1374,সুবোধ ওরাওঁ ১৯৮২ সালের নির্বাচনে কোন প্রার্থীকে পরাজিত করেছিলেন?,দুতসাই টপ্পো।,Private
test_1375,জোতে (সাবান) মার্কার নামটি কোন ভাষায় শব্দের উপর একটি নাটক?,স্পেনীয়।,Public
test_1376,একশিলা গম্বুজ তৈরি করার পদ্ধতি কী?,নির্মাণ উপাদানটিকে কোনও কাঠামোর ভেতরের পৃষ্ঠে ছিটিয়ে দিয়ে।,Public
test_1377,গুপ্ত তথ্য বিশ্লেষণের ক্ষেত্রে দ্বিতীয় বিশ্বযুদ্ধকালীন কোন যন্ত্রটি ব্যবহার করা হয়েছিল?,ব্রিটিশ বম্ব এবং কলোসাস কম্পিউটার।,Public
test_1378,তরমুজ বীজের তেলের অন্য কোন নাম রয়েছে?,ওটাঙ্গা তেল।,Private
test_1379,গণনাথ নায়নার কী কাজ করতেন?,ঈশ্বরের সেবা কার্য।,Public
test_1380,তারেক আলারাবি কোন সময়ে ভেনাস সেন্টারে যোগ দেন?,১৯৯০-এর দশকের শুরুতে।,Public
test_1381,"তনুজা কোন চলচ্চিত্রে অভিনয় করেন যা ""সাথিয়া"" এর পরে মুক্তি পায়?",রুলস্‌।,Public
test_1382,"মাইশুর ""বুক অফ ভেসেলস"" কবে প্রথম প্রতিলিপি করা হয়েছিল?",১৯৮৯।,Public
test_1383,ওয়ান লিং মার্তেলো কোন দেশে জন্মগ্রহণ করেন?,ফিলিপাইন।,Public
test_1384,বৈষ্ণবরা বিষ্ণুর চরণকে কীভাবে বিবেচনা করেন?,বিষ্ণুপদ বা পরম পদম্।,Public
test_1385,সুরেশ্বরাচার্য অনুসারে চেতনা কীভাবে নিজেকে প্রকাশ করে?,বাহ্যিক উপলব্ধিতে আলোকিত ফ্যাক্টর হিসাবে।,Public
test_1386,জ্যামিতিতে স্পর্শক রেখা কীভাবে সংজ্ঞায়িত করা হয়?,"একটি সরল রেখা যে বক্ররেখাকে একটি প্রদত্ত বিন্দুতে ""শুধু স্পর্শ"" করে।",Private
test_1387,"ডেনজেল ওয়াশিংটন কোন সালে অভিনেত্রী ""পলেটা পিয়ারসন""-কে বিয়ে করেন?",১৯৮৩।,Private
test_1388,কোন খ্রিস্টাব্দে রৌমারী থানা প্রতিষ্ঠা লাভ করে?,১৯০৮।,Public
test_1389,আহমেদাবাদের রথযাত্রা উৎসব কোন দিন উদযাপিত হয়?,পুরীর রথযাত্রার দিন।,Public
test_1390,রংপুর সিটি কর্পোরেশনের কোন ওয়ার্ডে প্রশাসনিক কার্যক্রম পরিচালিত হয়?,২৮নং ওয়ার্ড।,Public
test_1391,"""কূপ"" শব্দটি কোন ধরনের স্থানের জন্য ব্যবহৃত হয়?",যেখানে জল পান করা হয়।,Public
test_1392,ভারতীয় নাগরিক সুরক্ষা সংহিতা সাধারণত কী নামে পরিচিত?,বিএনএসএস।,Public
test_1393,হিজলগাছ কতক্ষণ পানির নিচে নিমজ্জিত থাকলেও বেঁচে থাকতে পারে?,কয়েক মাস।,Public
test_1394,ধুম চলচ্চিত্রটি কার পরিচালনায় নির্মিত হয়?,সঞ্জয় গাধবি।,Public
test_1395,আরবি চারুলিপির জন্য ব্যবহৃত তিনটি লিপি কী?,"সুলুস, নাস্তালিক এবং দিওয়ানি।",Private
test_1396,আবু বকর শাহ তুগলকের দাদার নাম কী?,সুলতান ফিরোজ শাহ তুঘলক।,Public
test_1397,নগর উন্নয়ন অধিদপ্তরের কোন কাজের জন্য দায়ী?,নগর পরিকল্পনা।,Public
test_1398,অমৃত ভারত স্টেশন প্রকল্পের মূল লক্ষ্য কী?,বিভিন্ন স্টেশনের উন্নয়ন।,Private
test_1399,এম এ জাহের নামে কোন প্রসঙ্গে দ্ব্যর্থতা দেখা দেয়?,ব্যক্তিবর্গ সনাক্তকরণে।,Private
test_1400,বিষ্ণু থেরবাদ বৌদ্ধধর্মের কোন দিকের সাথে সম্পর্কিত?,বৌদ্ধ দর্শন।,Private
test_1401,সমীর অঞ্জান কোন শিল্পে সবচেয়ে বেশি অবদান রেখেছেন?,বলিউড।,Public
test_1402,লুৎফুল হাই সাচ্চু কবে মারা যান?,২২ নভেম্বর ২০১০।,Public
test_1403,ফর্টিফাইড টেবিল লবণের একটি বৈশিষ্ট্য কী?,ফর্টিফাইড।,Public
test_1404,আর্চিয়াল এবং ইউক্যারিওট প্রাইমাসেসের গঠন কী?,একটি বৃহৎ নিয়ন্ত্রক এবং একটি বিয়োগ অনুঘটক সাবুনিট সহ একটি হেটেরোডিমেরিক প্রোটিন।,Public
test_1405,নবীন তার ড্রাইভার দীনুর সাথে তার পরিস্থিতি তুলনা করেছিলেন যার দুই স্ত্রী কারা?,নন্দিনী মালিয়া এবং ইন্দ্রাণী হালদার।,Public
test_1406,রাবর কাউন্টি কোন প্রদেশে অবস্থিত?,কেরমান প্রদেশ।,Public
test_1407,আল-মাহানীর গণিতের কাজ কী বিষয়গুলিকে কভার করে?,"জ্যামিতি, পাটিগণিত এবং বীজগাণিতিক বিষয়।",Private
test_1408,সং ওয়েইলং কোন ধরনের পেশায় নিয়োজিত?,অভিনেতা এবং মডেল।,Public
test_1409,মুহাম্মদ খুদা বুখশ কোন বছরে মারা যান?,১৯৭৫।,Public
test_1410,পাকিস্তান ও মালয়েশিয়ার মধ্যে অলিম্পিক ফুটবল এশিয়ান বাছাইপর্বের দ্বিতীয় পর্বের ম্যাচটি কীভাবে শেষ হয়েছিল?,০–০ গোলে।,Private
test_1411,বৃহত্তম প্লং বাদ্যযন্ত্রে কতগুলি লম্বা পাইপ থাকে?,আটটি।,Private
test_1412,গাণী মন্দিরটি কোন শতাব্দীতে রাজা প্রথম তিরিডেটস দ্বারা সূর্য দেবতা মিহরের মন্দির হিসাবে নির্মিত হয়েছিল?,প্রথম শতাব্দী।,Public
test_1413,ফ্রাঞ্জ মার্ক এবং ওয়াসিলি ক্যান্ডিনস্কি কখন থেকে কখন পর্যন্ত ডের ব্লু রেইটার প্রদর্শনী জনসাধারণের সামনে উপস্থাপন করেন?,১৯১১ থেকে ১৯১৪।,Private
test_1414,বোধিনাথ ভেলানস্বামী কোথায় সন্ন্যাস দীক্ষা লাভ করেন?,শ্রীলঙ্কার আলাভেডি।,Private
test_1415,আল-মিকদাদ বিন আমর কার সাথে ঝগড়ায় জড়িয়ে পড়েন এবং তার পায়ে আঘাত করেন?,আবু শিমর ইবনে হাজার আল-কিন্দি।,Public
test_1416,ক্যামাচো সিগারস কোম্পানিটি কার দ্বারা অধিগ্রহণ করা হয়েছিল?,এইরোস পরিবার।,Private
test_1417,টিম চেন বর্তমানে কোন গ্রুপের কর্পোরেট ভাইস প্রেসিডেন্ট হিসেবে দায়িত্ব পালন করছেন?,হোন হাই টেকনোলজি গ্রুপ।,Public
test_1418,রিজ উইদারস্পুন কোন বছরে জন্মগ্রহণ করেন?,১৯৭৬।,Public
test_1419,২০২৪ সাফ অনূর্ধ্ব-১৬ মহিলা চ্যাম্পিয়নশিপের ফাইনালে কোন দলগুলো মুখোমুখি হবে?,সবচেয়ে বেশি পয়েন্ট পাওয়া দুটি দল।,Private
test_1420,গোক্ষুর কাঁটা কোন ধরনের অঞ্চলে পাওয়া যায়?,উষ্ণ নাতিশীতোষ্ণ এবং গ্রীষ্মমন্ডলীয়।,Public
test_1421,কোন চলচ্চিত্রের সঙ্গীতায়োজন করেছেন লক্ষ্মীকান্ত-প্যায়ারেলাল এবং গীত লিখেছেন আনন্দ বকশী?,দো রাস্তে।,Public
test_1422,মাছের বৈচিত্র্য কীভাবে গুরুত্বপূর্ণ?,জৈবিক ভারসাম্য।,Private
test_1423,কলকাসুন্দা গাছটির বৈজ্ঞানিক নাম কী?,Cassia occidentalis।,Public
test_1424,জোয়ান বায়েজ কোন রাজ্যে সমকামী শিক্ষকদের স্কুলে পড়ানোর বিরুদ্ধে উদ্যোগকে পরাজিত করার জন্য কনসার্ট করেন?,ক্যালিফোর্নিয়া।,Public
test_1425,সরস্বতী পূজার সাথে সম্পর্কিত উৎসব কোনটি?,বসন্ত।,Public
test_1426,"শিবপুরাণ অনুসারে পুষ্পাঞ্জলি বলতে কী বোঝায়, যা ভরতনাট্যম সম্পাদনের শুরুতে পরিচালিত হয়?",মুঠো ফুলের নৈবেদ্য।,Private
test_1427,এইচবি সিগারেটের নামটি কোথা থেকে এসেছে?,হাউস বার্গম্যান।,Public
test_1428,এ. চক্রপাণি কোন দলের রাজনীতিবিদ?,ভারতীয় জাতীয় কংগ্রেস।,Public
test_1429,মাধবনগর রেলওয়ে স্টেশনে কোন ধরনের সুবিধা রয়েছে?,জল এবং স্যানিটেশন বা পয়ঃনিষ্কাশন ব্যবস্থা।,Public
test_1430,অ্যাক্টিন ফিলামেন্টগুলি কোন আকারে উপলব্ধ বলে মনে করা হয়?,হেলিকাল এবং নমনীয়।,Public
test_1431,বাজার মূল্যের নিরিখে কোন দিন টিসিএস রিলায়েন্স ইন্ডাসট্রিজকে (আরআইএল) পিছনে ফেলে দিয়েছে?,সোমবার।,Public
test_1432,কোয়েলদের সাথে নাটাবটের সম্পর্ক কেমন?,দূরের।,Private
test_1433,সুধাংশু ভূষণ দাসের জন্ম কোন তারিখে হয়েছিল?,১৭ এপ্রিল ১৯১৫।,Public
test_1434,তাজিকিস্তান জাতীয় অনূর্ধ্ব-২৩ ফুটবল দলের সেরা সাফল্য কী?,২০২২ এএফসি অনূর্ধ্ব-২৩ এশিয়ান কাপের গ্রুপ পর্বে অংশগ্রহণ।,Private
test_1435,কোবরা শব্দটি কোন ভাষা থেকে এসেছে?,পর্তুগিজ।,Public
test_1436,অর্থনৈতিক গণতন্ত্রের কতগুলি ধরন প্রস্তাব করা হয়েছে?,অনেক।,Public
test_1437,"হারুনা সুবুগা কোন বয়সে দাবা খেলা শুরু করেন, যা তার প্রশিক্ষক এলিজা ইমোজং-এর তত্ত্বাবধানে ঘটে?",১৪ বছর বয়সে।,Public
test_1438,হেবা সাদিয়া কোন শিবির সম্প্রদায়ের সাথে সম্পর্কিত?,ইয়ারমুক শিবির।,Private
test_1439,"রিলিজিও মেদিচি বইটি কোন সালে পোপের ""ইনডেক্স লিব্রোরাম প্রোহিবিটোরিয়াম""-এর অন্তর্ভুক্ত হয়?",১৬৪৫।,Public
test_1440,মইনুল হাসান আহমদ ২০১৬ সালের বিধানসভা ভোটের সময় কোন শক্তির সাথে ঐক্যবদ্ধ আন্দোলনের পক্ষে জোরালোভাবে সমর্থন করেছিলেন?,ধর্মনিরপেক্ষ মমতা বিরোধী শক্তি।,Public
test_1441,কমোরোসে বিবাহের ক্ষেত্রে কোন ধরনের বিবাহ আইনত চুক্তিবদ্ধ হতে পারে?,বহুগামী বিবাহ।,Public
test_1442,জবান চলচ্চিত্রটির পরিচালক কে?,পলাশ ব্যানার্জী।,Public
test_1443,কামরান গোলাম কোন দেশের প্রথম শ্রেণির ক্রিকেটার?,পাকিস্তান।,Public
test_1444,রাজা পুগল চোলা ইরিপথ নয়নারের সামনে কীভাবে আচরণ করেছিলেন যখন তিনি তার হাতি এবং মাহুতদের অপরাধ সম্পর্কে জিজ্ঞাসা করেছিলেন?,শ্রদ্ধার সাথে প্রণাম করেছিলেন।,Public
test_1445,মিয়ানমারের বেশিরভাগ লোক কোন ধর্মের অনুসারী?,তেরাভাদা বৌদ্ধধর্ম।,Public
test_1446,সশস্ত্র বাহিনীর পতাকা দিবস কবে পালিত হয়?,৭ ডিসেম্বর।,Public
test_1447,কে. পি. মাথুরকে ভারত সরকার কোন সম্মানে ভূষিত করে?,পদ্মশ্রী।,Public
test_1448,মুলামা উপাধি ধারণকারী উল্লেখযোগ্য ব্যক্তিদের তালিকা কীভাবে উপস্থাপন করা হয়?,উল্লেখযোগ্য ব্যক্তিদের মধ্যে।,Public
test_1449,আরি কোম্পানির প্রতিষ্ঠাতা কে ছিলেন?,আউগুস্ট আর্নল্ড ও রবার্ট রিশটার।,Private
test_1450,শিউলি ফুলের রাসায়নিক গঠন কী?,অজানা।,Public
test_1451,"গ্যারেট হেডলান্ডের সঙ্গে কে চলচ্চিত্র ""ট্রন""-এর সিকোয়েল চলচ্চিত্রে অভিনয় করেছেন?",জেফ ব্রিজেস।,Public
test_1452,২০০৮ গ্রীষ্মকালীন অলিম্পিকে মল্লক্রীড়ায় মহিলাদের প্রতিযোগিতা কোন ধরনের ক্রীড়া ইভেন্টের অংশ ছিল?,মল্লক্রীড়া।,Private
test_1453,অ্যাপোলো কর্মসূচির সময় চাঁদের কক্ষপথ ও চাঁদের ভূপৃষ্ঠের মধ্যবর্তী পথে উড্ডয়ন করেছিল এমন মহাকাশযানটির নাম কী?,অ্যাপোলো লুনার মডিউল।,Public
test_1454,ডিবির হাওরে পরিযায়ী পাখি আসে কখন?,প্রতিবছর।,Private
test_1455,সালোকসংশ্লেষণকারী টিস্যুতে নাইট্রাইট হ্রাসকরণে কোন ইলেকট্রন বহনকারী প্রোটিন ব্যবহৃত হয়?,ফেরেডক্সিন।,Public
test_1456,রজনীকান্ত বরদলৈ কোন বছরে মারা যান?,১৯৪০।,Public
test_1457,শিশু জন্মের পর কুসুম ফুলের বীজের পাউডার কীভাবে ব্যবহার করা হয়?,গরম করে সেঁক দিয়ে।,Public
test_1458,আশরাফি স্বর্ণমুদ্রা প্রথম কবে তৈরি করা হয়েছিল?,১৪০৭।,Public
test_1459,২০০৬ ওয়ার্ল্ড সিনিয়র চ্যাম্পিয়নশিপে স্টুয়ার্ট ওয়াগম্যানের স্কোর কী ছিল?,৬/১১।,Public
test_1460,কে লিগ চ্যালেঞ্জের ২০১৩ মৌসুমে আনিয়াং ফুটবল ক্লাবের হয়ে সর্বোচ্চ গোল করেছিলেন?,পার্ক সুং-জিন।,Public
test_1461,বিপ্লব মিত্র পশ্চিমবঙ্গ সরকারের কোন দফতরের মন্ত্রী?,কৃষি বিপণন মন্ত্রী।,Public
test_1462,বিনুষা দেবী স্নাতক শেষ করার পর কী কর্মজীবন শুরু করেন?,মডেলিং এবং অভিনয়।,Public
test_1463,নাজিয়া ইকবাল বর্তমানে কোথায় বসবাস করছেন?,যুক্তরাজ্যের লন্ডন।,Private
test_1464,সায়ণের ঋগ্বেদ ভাষ্যের নতুন সংস্করণ কত খণ্ডে প্রকাশিত হয়েছিল?,৪ খণ্ড।,Public
test_1465,পশ্চিমবঙ্গ সরকার কোন স্থানের নিকটে প্রস্তাবিত পারমাণবিক বিদ্যুৎকেন্দ্রের অনুমোদন প্রত্যাখ্যান করে?,হরিপুর।,Public
test_1466,ফেলিক্স ইউজেন ফ্রিটস কোন ক্ষেত্রের একজন ব্রিটিশ বিজ্ঞানী ছিলেন?,জীববিজ্ঞান।,Private
test_1467,কবে বাংলাদেশের হিরণ পয়েন্ট থেকে ১৯শ শতাব্দের সর্বশেষ পুর্ণগ্রাস সূর্যগ্রহণ দেখা গিয়েছিলো?,১৯৯৫ খ্রিষ্টাব্দের ২৪ অক্টোবর।,Public
test_1468,কার্স্টেন ভয়গট কোন পররাষ্ট্রমন্ত্রীদের অধীনে দায়িত্ব পালন করেন?,জোশকা ফিশার এবং ফ্রাঙ্ক-ওয়াল্টার স্টেইনমায়ার।,Public
test_1469,বিজয় প্রসাদ সিংহ রায় কোন সংস্থার চেয়ারম্যান ছিলেন?,ফেডারেশন অফ ইন্ডিয়ান চেম্বার অফ কমার্স অ্যান্ড ইন্ডাস্ট্রি।,Public
test_1470,এসিনিলসেন সংস্থাটির উত্তর আমেরিকার জন্য আঞ্চলিক সদর দপ্তর কোথায় অবস্থিত?,ইলিনয়।,Private
test_1471,প্রিন্স উইলিয়ামের ধর্মপিতাদের মধ্যে কারা রয়েছেন?,"প্রাক্তন রাজা গ্রিসের দ্বিতীয় কনস্ট্যানটাইন, প্রিন্সেস আলেকজান্ড্রা, দ্য অনারেবল লেডি অগলিভি, ডাচেস অফ ওয়েস্টমিনস্টার, লেডি সুজান হাসি, লর্ড রমসে, স্যার লরেন্স ভ্যান ডার পোস্ট।",Public
test_1472,গায়ত্রী মন্ত্রের প্রথম পাদে কতগুলি শব্দাংশ রয়েছে?,সাত।,Private
test_1473,বিপিনচন্দ্র পারিবারিক ঐতিহ্য ভেঙ্গেছেন কোন মেয়েকে বিয়ে করার মাধ্যমে?,হেমাঙ্গিনী।,Public
test_1474,কিরগিজস্তান জাতীয় অনূর্ধ্ব-২৩ ফুটবল দল তাদের হোম ম্যাচ কোন স্টেডিয়ামে আয়োজন করে?,দোলেন অমুর্জাকভ স্টেডিয়াম।,Private
test_1475,নবারুণ বোস কোন ধরনের শিল্পী?,"কীবোর্ড বাদক, সুরকার এবং সঙ্গীত প্রযোজক।",Public
test_1476,চীনা মুসলমানদের জন্য নিউজিয়ে মসজিদের গুরুত্ব কী?,একটি গুরুত্বপূর্ণ সাংস্কৃতিক এবং ধর্মীয় কেন্দ্র।,Private
test_1477,গ্রিক পুরাণে পিয়েরুস কতজন ব্যক্তির নাম?,দুইজন।,Private
test_1478,"মালদ্বীপের রাষ্ট্রপতি নির্বাচন, ২০০৮-এর দ্বিতীয় রাউন্ডের জন্য পরবর্তী তারিখ নির্ধারণের উদ্দেশ্য কী ছিল?",প্রার্থীদের প্রচারের জন্য আরও সময় দেওয়া এবং ভোটার রেজিস্ট্রি সংক্রান্ত সমস্যাগুলি সংশোধন করা।,Private
test_1479,অম্বিকাচরণ গুহের পিতার নাম কী?,অভয়চরণ গুহ।,Public
test_1480,তাপীয় বিয়োজন প্রক্রিয়ার শ্রেণিবিভাগের ক্ষেত্রে বিভিন্ন উপায় ব্যবহার করা যায় বলে উল্লেখ করা হয়েছে কি?,হ্যাঁ।,Private
test_1481,জেমি লেফেলিং-এর আন্তর্জাতিক ফুটবল কর্মজীবনের সাথে কোন শব্দটি সম্পর্কিত?,আন্তর্জাতিক।,Public
test_1482,১৯৬৮ সালে এএফসি এশিয়ান কাপ কোন দল জিতেছে?,ইরান।,Public
test_1483,কোন ধরনের চন্দ্র অবতরণ যান চাঁদের পৃষ্ঠে পৌঁছেছে এবং কিছু নমুনা পৃথিবীতে ফিরিয়ে নিয়ে এসেছে?,স্বয়ংক্রিয় বা রোবোটিক।,Public
test_1484,ডেভিড অক্টারলোনি কোন যুদ্ধে জয়লাভ করে খ্যাতির শীর্ষে আরোহণ করেন?,নেপালযুদ্ধ।,Private
test_1485,রাহুকালের সময়কাল দিনের কোন অংশে ঘটে না?,প্রথম অংশ।,Private
test_1486,"নিউ হরাইজন্স মিশন কোন গ্রহ এবং এর উপগ্রহের পৃষ্ঠ, পরিবেশ এবং সংশ্লিষ্ট তথ্য সংগ্রহ করবে?",প্লুটো এবং শ্যারন।,Private
test_1487,আলিপুরদুয়ার জেলা কোন ধরনের ক্ষেত্র?,সংসদীয় ক্ষেত্র।,Public
test_1488,সার্ভাইভার সিরিজ (২০০০) এর ধারাবাহিক কাহিনী কোথায় প্রদর্শন করা হয়েছে?,ডাব্লিউডাব্লিউইর সাপ্তাহিক টেলিভিশন অনুষ্ঠানে।,Public
test_1489,আঁচল সাহু কোন ধারাবাহিকে বন্দিতা দাসের চরিত্রে অভিনয় করেছেন?,কিয়ুন উত্তে দিল ছোড় আয়ে ভাশমা বেগ।,Public
test_1490,আইসোপেন্টেনাইল পাইরোফসফেটের অন্য নাম কী?,"আইসোপেনটেনাইল ডিফসফেট, বা আইডিপি।",Public
test_1491,পিস সিগারেট কোন ধরনের পণ্য?,সিগারেট।,Public
test_1492,মহাকাশ যুদ্ধে কোন ধরনের বাহিনী অংশগ্রহণ করে?,এক বা একাধিক বাহিনী।,Public
test_1493,অন্ধ্রপ্রদেশ অটো রিকশা চালক ও শ্রমিক ফেডারেশন কোন রাজ্যের অটো রিকশা চালকদের একটি ট্রেড ইউনিয়ন?,অন্ধ্র প্রদেশ।,Public
test_1494,গ্রিক পুরাণে পাতালকে কিসের প্রতিরূপ হিসেবে বিবেচনা করা হয়?,অলিম্পাস পর্বতের প্রতিরূপ।,Private
test_1495,প্রশান্ত প্রধানের জন্ম কোন তারিখে হয়?,১৪ ডিসেম্বর ১৯৩৯।,Public
test_1496,গড়দুয়ারা ইউনিয়নে মাধ্যমিক বিদ্যালয়ের সংখ্যা কত?,২।,Public
test_1497,প্রফুল্ল মাইতি কবে ভারতীয় জাতীয় কংগ্রেসে যোগদান করেন?,১৯৫০।,Public
test_1498,বাংলাদেশের কতগুলি বিভাগ সম্পর্কে পরিসংখ্যান রূপরেখা তুলে ধরা হয়েছে?,সাতটি।,Public
test_1499,গণজোট (মালদ্বীপ) দলের কোষাধ্যক্ষ হিসেবে কাকে মাননীয় বলে উল্লেখ করা হয়েছে?,ড. আহমদ মোস্তফা।,Public
test_1500,শাবানাকে গুলি করে হত্যা করা হয় কোন বছরে?,২০০৯।,Public
